source_id,original_path,classified_path,physical_filename,declared_filename,document_title,version,document_date,declared_owner,declared_status,sha256,file_size,file_type,authority_class,canonical_status,document_role,product_or_domain,vertical,supersedes,superseded_by,duplicate_of,conflicts_with,implementation_evidence,ingested_at,notes,batch
KLSRC-0001,docs/source/inbox/KITLUY-UI-UX-BUILD-PACK-INDEX-v1.0.0.md,docs/source/ui-ux/KITLUY-UI-UX-BUILD-PACK-INDEX-v1.0.0.md,KITLUY-UI-UX-BUILD-PACK-INDEX-v1.0.0.md,KITLUY-UI-UX-BUILD-PACK-INDEX-v1.0.0.md,KitLuy UI/UX Build Pack Index,1.0.0,2026-07-26,HET / KitLuy Suite Project Owner,Canonical target standard; not implementation evidence,6ff72ece364e58a425e520fe5b0dd018fb4e0e757255662cf46530d0586d6f86,8883,text/markdown,CANONICAL-SHARED-CONTRACT,CANONICAL-CURRENT,PACK-INDEX (UI/UX build pack),ui-ux,,,,,,NONE,2026-07-26T16:00:00+07:00,,
KLSRC-0002,docs/source/inbox/PROJECT_HOME.md,docs/source/canonical/PROJECT_HOME.md,PROJECT_HOME.md,PROJECT_HOME.md,KitLuy Suite Project Home,,,HET / KitLuy Suite Project Owner,CANONICAL ENTRY POINT,66fb10dc4ebf06e18a87554311fb7fc52e0070901bd0a95168cfd1e8236874f9,12023,text/markdown,MASTER-AUTHORITY,CANONICAL-CURRENT,CANONICAL-ENTRY-POINT,suite,,repo PROJECT_HOME.md bootstrap recreation (commit 4a79f66),,,,NONE,2026-07-26T16:00:00+07:00,,
KLSRC-0003,docs/source/inbox/README-kitluy-canonical-business-rules-v1.0.0.md,docs/source/business-rules/README-kitluy-canonical-business-rules-v1.0.0.md,README-kitluy-canonical-business-rules-v1.0.0.md,,KitLuy Canonical Business Rules and State Machines Package,1.0.0,,,Canonical target contracts; not implementation evidence,0a2b8d167c86f306dd2676c3da68b7250b582a497762dcef6ee4b445b988116e,1829,text/markdown,CANONICAL-SHARED-CONTRACT,CANONICAL-CURRENT,PACK-INDEX (Canonical Business Rules Pack),business-rules,,,,,,NONE,2026-07-26T16:00:00+07:00,,
KLSRC-0004,docs/source/inbox/README.md,docs/source/api-contracts/README.md,README.md,,KitLuy Governed API Specification Pack v1.0.0,,,,,bd6463c6daa9042200437fcfa5dbe7e1ef422a9f4938bf060900b12720c296d6,707,text/markdown,CANONICAL-SHARED-CONTRACT,CANONICAL-CURRENT,PACK-INDEX (Governed API Specification Pack),api,,,,,,NONE,2026-07-26T16:00:00+07:00,NAMING COLLISION: security pack manifest.json declares a README.md of 890 bytes; the physical README.md (707 bytes) is the API pack index — the security pack README was lost when packs were flattened into one inbox.,
KLSRC-0005,docs/source/inbox/kitluy-accessibility-standard-v1.0.0.md,docs/source/ui-ux/kitluy-accessibility-standard-v1.0.0.md,kitluy-accessibility-standard-v1.0.0.md,kitluy-accessibility-standard-v1.0.0.md,KitLuy Accessibility Standard,1.0.0,2026-07-26,HET / KitLuy Suite Project Owner,Canonical target standard; not implementation evidence,3b6b299ceeca6125a3621285c255fbd50d75b8219614032564c6b7bd914a2de0,5916,text/markdown,CANONICAL-SHARED-CONTRACT,CANONICAL-CURRENT,UI-UX-STANDARD,ui-ux,,,,,,NONE,2026-07-26T16:00:00+07:00,,
KLSRC-0006,docs/source/inbox/kitluy-admin-pwa-portal-route-screen-inventory-v1.0.0.md,docs/source/ui-ux/kitluy-admin-pwa-portal-route-screen-inventory-v1.0.0.md,kitluy-admin-pwa-portal-route-screen-inventory-v1.0.0.md,kitluy-admin-pwa-portal-route-screen-inventory-v1.0.0.md,KitLuy Admin PWA Portal Route and Screen Inventory,1.0.0,2026-07-26,HET / KitLuy Suite Project Owner,Canonical target route contract; not implementation evidence,aeb573109c269c2298961d81d6c9cdb4443701bd164d5efca704f77ba6f74545,120676,text/markdown,CURRENT-PRODUCT-SPECIFICATION,CANONICAL-CURRENT,ROUTE-SCREEN-INVENTORY,ui-ux,laundry,,,,,NONE,2026-07-26T16:00:00+07:00,,
KLSRC-0007,docs/source/inbox/kitluy-ai-gateway-phase1-spec-v1.0.0.md,docs/source/shared-services/kitluy-ai-gateway-phase1-spec-v1.0.0.md,kitluy-ai-gateway-phase1-spec-v1.0.0.md,kitluy-ai-gateway-phase1-spec-v1.0.0.md,KitLuy AI Gateway — Phase 1 Shared-Service Specification,1.0.0,2026-07-26,HET / KitLuy Suite Project Owner,Canonical target specification; not implementation evidence,7ec0f6fcae659f07c9e88e60fc4f39f729126ff38b6406ebd997024a3a8771f0,37159,text/markdown,CURRENT-PRODUCT-SPECIFICATION,CANONICAL-CURRENT,SHARED-SERVICE-SPECIFICATION,services,,,,,,NONE,2026-07-26T16:00:00+07:00,,
KLSRC-0008,docs/source/inbox/kitluy-api-contract-test-registry-v1.0.0.md,docs/source/api-contracts/kitluy-api-contract-test-registry-v1.0.0.md,kitluy-api-contract-test-registry-v1.0.0.md,kitluy-api-contract-test-registry-v1.0.0.md,KitLuy API Contract Test Registry,1.0.0,,,Canonical shared target registry; not implementation evidence,2543ad30e9b8c04c1ae95ae0fe5e7bc00dede6b7676d6ce876210e4ee97b7e4b,11054,text/markdown,CANONICAL-SHARED-CONTRACT,CANONICAL-CURRENT,API-GOVERNANCE-REGISTRY,api,,,,,,NONE,2026-07-26T16:00:00+07:00,,
KLSRC-0009,docs/source/inbox/kitluy-api-error-code-registry-v1.0.0.md,docs/source/api-contracts/kitluy-api-error-code-registry-v1.0.0.md,kitluy-api-error-code-registry-v1.0.0.md,kitluy-api-error-code-registry-v1.0.0.md,KitLuy API Error Code Registry,1.0.0,,,Canonical shared target registry; not implementation evidence,1404cdef79d451d063dbbce82562af75b4a02d948dc928637561b7763a2b4126,13382,text/markdown,CANONICAL-SHARED-CONTRACT,CANONICAL-CURRENT,API-GOVERNANCE-REGISTRY,api,,,,,,NONE,2026-07-26T16:00:00+07:00,,
KLSRC-0010,docs/source/inbox/kitluy-api-scope-registry-v1.0.0.md,docs/source/api-contracts/kitluy-api-scope-registry-v1.0.0.md,kitluy-api-scope-registry-v1.0.0.md,kitluy-api-scope-registry-v1.0.0.md,KitLuy API Scope Registry,1.0.0,,,Canonical shared target registry; not implementation evidence,72cf049147f38e211d46375ed5247762ee82601f2c1ba8eeb06b1ecd44d1b1f8,20177,text/markdown,CANONICAL-SHARED-CONTRACT,CANONICAL-CURRENT,API-GOVERNANCE-REGISTRY,api,,,,,,NONE,2026-07-26T16:00:00+07:00,,
KLSRC-0011,docs/source/inbox/kitluy-api-version-and-deprecation-policy-v1.0.0.md,docs/source/api-contracts/kitluy-api-version-and-deprecation-policy-v1.0.0.md,kitluy-api-version-and-deprecation-policy-v1.0.0.md,kitluy-api-version-and-deprecation-policy-v1.0.0.md,KitLuy API Version and Deprecation Policy,1.0.0,,,Canonical shared target policy; not implementation evidence,310920ac196e82654d82ee1b282cf0b59a6d9d596624f01dcd91a29752d23198,5989,text/markdown,CANONICAL-SHARED-CONTRACT,CANONICAL-CURRENT,API-GOVERNANCE-POLICY,api,,,,,,NONE,2026-07-26T16:00:00+07:00,,
KLSRC-0012,docs/source/inbox/kitluy-audit-event-registry-v1.0.0.csv,docs/source/security/kitluy-audit-event-registry-v1.0.0.csv,kitluy-audit-event-registry-v1.0.0.csv,,,1.0.0,,,,3d806a573bfa50e8df707731172b5716af5b4af7f0958ccc3b0bedef7481c58a,10160,text/csv,CANONICAL-SHARED-CONTRACT,CANONICAL-CURRENT,AUDIT-EVENT-REGISTRY,security,,,,,,NONE,2026-07-26T16:00:00+07:00,,
KLSRC-0013,docs/source/inbox/kitluy-audit-event-registry-v1.0.0.md,docs/source/security/kitluy-audit-event-registry-v1.0.0.md,kitluy-audit-event-registry-v1.0.0.md,kitluy-audit-event-registry-v1.0.0.md,KitLuy Audit Event Registry,1.0.0,,HET / KitLuy Suite Project Owner,Canonical target contract; not implementation evidence,dfb516a19026846ea19eb59be74185d95d00a431008bdb3065925117a91d1d7b,23174,text/markdown,CANONICAL-SHARED-CONTRACT,CANONICAL-CURRENT,AUDIT-EVENT-REGISTRY,security,,,,,,NONE,2026-07-26T16:00:00+07:00,,
KLSRC-0014,docs/source/inbox/kitluy-authority-and-precedence-v1.0.0.md,docs/source/canonical/kitluy-authority-and-precedence-v1.0.0.md,kitluy-authority-and-precedence-v1.0.0.md,kitluy-authority-and-precedence-v1.0.0.md,KitLuy Authority and Precedence Standard,1.0.0,,HET / KitLuy Suite Project Owner,CANONICAL GOVERNANCE STANDARD,7442cd604e2ce4b0137988b71a57e01ddca23492ff383a73c2b7ed3694f61567,6884,text/markdown,MASTER-AUTHORITY,CANONICAL-CURRENT,SOURCE-OF-TRUTH-CONTROL-PACK,suite,,bootstrap recreation in docs/authority/ (commit 4a79f66),,,,NONE,2026-07-26T16:00:00+07:00,,
KLSRC-0015,docs/source/inbox/kitluy-b2b-website-route-screen-inventory-v1.0.0.md,docs/source/ui-ux/kitluy-b2b-website-route-screen-inventory-v1.0.0.md,kitluy-b2b-website-route-screen-inventory-v1.0.0.md,kitluy-b2b-website-route-screen-inventory-v1.0.0.md,KitLuy B2B Website Route and Screen Inventory,1.0.0,2026-07-26,HET / KitLuy Suite Project Owner,Canonical target route contract; not implementation evidence,ddc104da18f1c9925fb35e254eb3ae84f81c7e86e39c84ad8f4570b3d51a2b08,54168,text/markdown,CURRENT-PRODUCT-SPECIFICATION,CANONICAL-CURRENT,ROUTE-SCREEN-INVENTORY,ui-ux,laundry,,,,,NONE,2026-07-26T16:00:00+07:00,,
KLSRC-0016,docs/source/inbox/kitluy-business-date-shift-and-close-rules-v1.0.0.md,docs/source/business-rules/kitluy-business-date-shift-and-close-rules-v1.0.0.md,kitluy-business-date-shift-and-close-rules-v1.0.0.md,kitluy-business-date-shift-and-close-rules-v1.0.0.md,"KitLuy Business Date, Shift and Close Rules",1.0.0,,,,916e758328fb833daa13e3effdd1501943d6b2aeb03096913998bd6434163bc9,32309,text/markdown,CANONICAL-SHARED-CONTRACT,CANONICAL-CURRENT,CANONICAL-BUSINESS-RULES,business-rules,,,,,,NONE,2026-07-26T16:00:00+07:00,,
KLSRC-0017,docs/source/inbox/kitluy-canonical-business-rules-v1.0.0-manifest.json,docs/source/business-rules/kitluy-canonical-business-rules-v1.0.0-manifest.json,kitluy-canonical-business-rules-v1.0.0-manifest.json,,,1.0.0,,,,06e1cd0c7cab9ab9d4dd7eb04bcea0c5728a39d76ca4d6892ecf36b3d322f226,2405,application/json,CANONICAL-SHARED-CONTRACT,CANONICAL-CURRENT,PACK-CHECKSUMS (Canonical Business Rules Pack),business-rules,,,,,,NONE,2026-07-26T16:00:00+07:00,,
KLSRC-0018,docs/source/inbox/kitluy-chain-pwa-portal-route-screen-inventory-v1.0.0.md,docs/source/ui-ux/kitluy-chain-pwa-portal-route-screen-inventory-v1.0.0.md,kitluy-chain-pwa-portal-route-screen-inventory-v1.0.0.md,kitluy-chain-pwa-portal-route-screen-inventory-v1.0.0.md,KitLuy Chain PWA Portal Route and Screen Inventory,1.0.0,2026-07-26,HET / KitLuy Suite Project Owner,Canonical target route contract; not implementation evidence,7dd27d8ab1c51618e576559c3205001ebdff0701fcd8fd89bb3ad16f7e20758e,98689,text/markdown,CURRENT-PRODUCT-SPECIFICATION,CANONICAL-CURRENT,ROUTE-SCREEN-INVENTORY,ui-ux,laundry,,,,,NONE,2026-07-26T16:00:00+07:00,,
KLSRC-0019,docs/source/inbox/kitluy-commerce-store-api-v1.0.0.md,docs/source/api-contracts/kitluy-commerce-store-api-v1.0.0.md,kitluy-commerce-store-api-v1.0.0.md,kitluy-commerce-store-api-v1.0.0.md,KitLuy Commerce Store API — Canonical Contract,1.0.0,,HET / KitLuy Suite Project Owner,Owner-requested canonical target contract; not implementation evidence,26a9648787442bfd72ed7554ae5120c24dd1928a6216c91ef36d792e1f175293,33389,text/markdown,CANONICAL-SHARED-CONTRACT,CANONICAL-CURRENT,GOVERNED-API-SPECIFICATION,api,,,,,,NONE,2026-07-26T16:00:00+07:00,,
KLSRC-0020,docs/source/inbox/kitluy-component-inventory-v1.0.0.md,docs/source/ui-ux/kitluy-component-inventory-v1.0.0.md,kitluy-component-inventory-v1.0.0.md,kitluy-component-inventory-v1.0.0.md,KitLuy Shared Component Inventory,1.0.0,2026-07-26,HET / KitLuy Suite Project Owner,Canonical target standard; not implementation evidence,e12a5fb6d2f1d0488cd8d453c202b0713356ddf6707b8358fb6a42f5960b14ac,13812,text/markdown,CANONICAL-SHARED-CONTRACT,CANONICAL-CURRENT,UI-UX-STANDARD,ui-ux,,,,,,NONE,2026-07-26T16:00:00+07:00,,
KLSRC-0021,docs/source/inbox/kitluy-configuration-publication-and-rollback-v1.0.0.md,docs/source/business-rules/kitluy-configuration-publication-and-rollback-v1.0.0.md,kitluy-configuration-publication-and-rollback-v1.0.0.md,kitluy-configuration-publication-and-rollback-v1.0.0.md,KitLuy Configuration Publication and Rollback Rules,1.0.0,,,,abde9f049e7afca5843155a47f85c14ddea76f1d4d08f809462b295cd56b5414,35260,text/markdown,CANONICAL-SHARED-CONTRACT,CANONICAL-CURRENT,CANONICAL-BUSINESS-RULES,business-rules,,,,,,NONE,2026-07-26T16:00:00+07:00,,
KLSRC-0022,docs/source/inbox/kitluy-configuration-snapshot-contract-v1.0.0.md,docs/source/offline/kitluy-configuration-snapshot-contract-v1.0.0.md,kitluy-configuration-snapshot-contract-v1.0.0.md,kitluy-configuration-snapshot-contract-v1.0.0.md,KitLuy Configuration Snapshot Contract,1.0.0,,,Canonical target contract; not implementation evidence,701e29559946b644fc9d05bbf2431ce7c38e751b936bceaf936a0a2ff430d209,13583,text/markdown,CANONICAL-SHARED-CONTRACT,CANONICAL-CURRENT,STORE-HUB-OFFLINE-PROTOCOL,edge,,,,,,NONE,2026-07-26T16:00:00+07:00,,
KLSRC-0023,docs/source/inbox/kitluy-connector-api-v1.0.0.md,docs/source/api-contracts/kitluy-connector-api-v1.0.0.md,kitluy-connector-api-v1.0.0.md,kitluy-connector-api-v1.0.0.md,KitLuy Connector API — Canonical Contract,1.0.0,,HET / KitLuy Suite Project Owner,Owner-requested canonical target contract; not implementation evidence,3928b56d93f04ec154087949d322f8969c42886fc4f26241f2a207b28d33884e,33604,text/markdown,CANONICAL-SHARED-CONTRACT,CANONICAL-CURRENT,GOVERNED-API-SPECIFICATION,api,,,,,,NONE,2026-07-26T16:00:00+07:00,,
KLSRC-0024,docs/source/inbox/kitluy-connector-runtime-phase1-spec-v1.0.0.md,docs/source/shared-services/kitluy-connector-runtime-phase1-spec-v1.0.0.md,kitluy-connector-runtime-phase1-spec-v1.0.0.md,kitluy-connector-runtime-phase1-spec-v1.0.0.md,KitLuy Connector Runtime — Phase 1 Shared-Service Specification,1.0.0,2026-07-26,HET / KitLuy Suite Project Owner,Canonical target specification; not implementation evidence,560636f2852b069b4f7779cba7b0e33b21bc7744d289b3a874313a066a191636,37168,text/markdown,CURRENT-PRODUCT-SPECIFICATION,CANONICAL-CURRENT,SHARED-SERVICE-SPECIFICATION,services,,,,,,NONE,2026-07-26T16:00:00+07:00,,
KLSRC-0025,docs/source/inbox/kitluy-core-business-rules-v1.0.0.md,docs/source/business-rules/kitluy-core-business-rules-v1.0.0.md,kitluy-core-business-rules-v1.0.0.md,kitluy-core-business-rules-v1.0.0.md,KitLuy Core Business Rules,1.0.0,,,,efb26857b994697366f2146bff4945d40f587cba88bf0566b33cc6c6d514b1a7,43334,text/markdown,CANONICAL-SHARED-CONTRACT,CANONICAL-CURRENT,CANONICAL-BUSINESS-RULES,business-rules,,,,,,NONE,2026-07-26T16:00:00+07:00,,
KLSRC-0026,docs/source/inbox/kitluy-customer-identity-consent-and-privacy-v1.0.0.md,docs/source/business-rules/kitluy-customer-identity-consent-and-privacy-v1.0.0.md,kitluy-customer-identity-consent-and-privacy-v1.0.0.md,kitluy-customer-identity-consent-and-privacy-v1.0.0.md,"KitLuy Customer Identity, Consent and Privacy Rules",1.0.0,,,,ab1f6d1efd30d185e24f3d4f6516eddef2b364517026f24531b77268d8fe18c5,33331,text/markdown,CANONICAL-SHARED-CONTRACT,CANONICAL-CURRENT,CANONICAL-BUSINESS-RULES,business-rules,,,,,,NONE,2026-07-26T16:00:00+07:00,,
KLSRC-0027,docs/source/inbox/kitluy-date-time-money-formatting-standard-v1.0.0.md,docs/source/ui-ux/kitluy-date-time-money-formatting-standard-v1.0.0.md,kitluy-date-time-money-formatting-standard-v1.0.0.md,kitluy-date-time-money-formatting-standard-v1.0.0.md,"KitLuy Date, Time and Money Formatting Standard",1.0.0,2026-07-26,HET / KitLuy Suite Project Owner,Canonical target standard; not implementation evidence,4c306445a778f1f28914b42bc601de9793f66b219e9bc83034b73bf6eefecc98,7121,text/markdown,CANONICAL-SHARED-CONTRACT,CANONICAL-CURRENT,UI-UX-STANDARD,ui-ux,,,,,,NONE,2026-07-26T16:00:00+07:00,,
KLSRC-0028,docs/source/inbox/kitluy-decision-and-reconciliation-register-v1.0.0.md,docs/source/canonical/kitluy-decision-and-reconciliation-register-v1.0.0.md,kitluy-decision-and-reconciliation-register-v1.0.0.md,kitluy-decision-and-reconciliation-register-v1.0.0.md,KitLuy Decision and Reconciliation Register,1.0.0,,HET / KitLuy Suite Project Owner,CANONICAL DECISION AND CONFLICT REGISTER,babc489f3e3c32db10a370de014ed0fbad84a289b086b68504553025f68fc971,14645,text/markdown,MASTER-AUTHORITY,CANONICAL-CURRENT,SOURCE-OF-TRUTH-CONTROL-PACK,suite,,bootstrap recreation in docs/authority/ (commit 4a79f66),,,,NONE,2026-07-26T16:00:00+07:00,,
KLSRC-0029,docs/source/inbox/kitluy-design-system-v1.0.0.md,docs/source/ui-ux/kitluy-design-system-v1.0.0.md,kitluy-design-system-v1.0.0.md,kitluy-design-system-v1.0.0.md,KitLuy Shared Design System,1.0.0,2026-07-26,HET / KitLuy Suite Project Owner,Canonical target standard; not implementation evidence,f0e9ee4b85ea4b63c0b90cfb99b235c9dfb01a41f1b6c126400a932b9ced33c8,12682,text/markdown,CANONICAL-SHARED-CONTRACT,CANONICAL-CURRENT,UI-UX-STANDARD,ui-ux,,,,,,NONE,2026-07-26T16:00:00+07:00,,
KLSRC-0030,docs/source/inbox/kitluy-design-token-registry-v1.0.0.json,docs/source/ui-ux/kitluy-design-token-registry-v1.0.0.json,kitluy-design-token-registry-v1.0.0.json,,,1.0.0,,,,88d9f1e853eb918a750a772475d14b7a5a2642f3fca0f5c3d51ac895f49d2714,10951,application/json,CANONICAL-SHARED-CONTRACT,CANONICAL-CURRENT,DESIGN-TOKEN-REGISTRY,ui-ux,,,,,,NONE,2026-07-26T16:00:00+07:00,,
KLSRC-0031,docs/source/inbox/kitluy-device-certificate-and-trust-policy-v1.0.0.md,docs/source/security/kitluy-device-certificate-and-trust-policy-v1.0.0.md,kitluy-device-certificate-and-trust-policy-v1.0.0.md,kitluy-device-certificate-and-trust-policy-v1.0.0.md,KitLuy Device Certificate and Trust Policy,1.0.0,,HET / KitLuy Suite Project Owner,Canonical target contract; not implementation evidence,dec87c2bc071c556a924172a8a9ff0f989d488d4adbf81a0995e9c6970dbeb99,12053,text/markdown,CANONICAL-SHARED-CONTRACT,CANONICAL-CURRENT,SECURITY-POLICY,security,,,,,,NONE,2026-07-26T16:00:00+07:00,,
KLSRC-0032,docs/source/inbox/kitluy-device-discovery-and-pairing-protocol-v1.0.0.md,docs/source/offline/kitluy-device-discovery-and-pairing-protocol-v1.0.0.md,kitluy-device-discovery-and-pairing-protocol-v1.0.0.md,kitluy-device-discovery-and-pairing-protocol-v1.0.0.md,KitLuy Device Discovery and Pairing Protocol,1.0.0,,,Canonical target protocol; not implementation evidence,a7a95969d52101bf3f79689f1c8c73504dd727667c73ecb53949db117907637b,11598,text/markdown,CANONICAL-SHARED-CONTRACT,CANONICAL-CURRENT,STORE-HUB-OFFLINE-PROTOCOL,edge,,,,,,NONE,2026-07-26T16:00:00+07:00,,
KLSRC-0033,docs/source/inbox/kitluy-device-release-and-update-service-phase1-spec-v1.0.0.md,docs/source/shared-services/kitluy-device-release-and-update-service-phase1-spec-v1.0.0.md,kitluy-device-release-and-update-service-phase1-spec-v1.0.0.md,kitluy-device-release-and-update-service-phase1-spec-v1.0.0.md,KitLuy Device Release and Update Service — Phase 1 Shared-Service Specification,1.0.0,2026-07-26,HET / KitLuy Suite Project Owner,Canonical target specification; not implementation evidence,4c5d25f5cdd4393b96e1240834803c473759e68614a7bf7cdd5d426d0912cb33,38957,text/markdown,CURRENT-PRODUCT-SPECIFICATION,CANONICAL-CURRENT,SHARED-SERVICE-SPECIFICATION,services,,,,,,NONE,2026-07-26T16:00:00+07:00,,
KLSRC-0034,docs/source/inbox/kitluy-domain-event-registry-v1.0.0.md,docs/source/api-contracts/kitluy-domain-event-registry-v1.0.0.md,kitluy-domain-event-registry-v1.0.0.md,kitluy-domain-event-registry-v1.0.0.md,KitLuy Domain Event Registry,1.0.0,,HET / KitLuy Suite Project Owner,Canonical target contract; not implementation evidence,d136ce2dfc714175b1fe18a9b7d301e1a1d7c0257b34fa7518e08a70057410ff,61774,text/markdown,CANONICAL-SHARED-CONTRACT,CANONICAL-CURRENT,DOMAIN-EVENT-REGISTRY,events,,,,,,NONE,2026-07-26T16:00:00+07:00,,
KLSRC-0035,docs/source/inbox/kitluy-durable-job-registry-v1.0.0.md,docs/source/api-contracts/kitluy-durable-job-registry-v1.0.0.md,kitluy-durable-job-registry-v1.0.0.md,kitluy-durable-job-registry-v1.0.0.md,KitLuy Durable Job Registry,1.0.0,,HET / KitLuy Suite Project Owner,Canonical target contract; not implementation evidence,042e9f07347df2e4a978df2e4bcd00c0a6e549cf9a6d70e85e02c02b106041eb,19924,text/markdown,CANONICAL-SHARED-CONTRACT,CANONICAL-CURRENT,DURABLE-JOB-REGISTRY,events,,,,,,NONE,2026-07-26T16:00:00+07:00,,
KLSRC-0036,docs/source/inbox/kitluy-edge-operations-api-v1.0.0.md,docs/source/api-contracts/kitluy-edge-operations-api-v1.0.0.md,kitluy-edge-operations-api-v1.0.0.md,kitluy-edge-operations-api-v1.0.0.md,KitLuy Edge Operations API — Canonical Contract,1.0.0,,HET / KitLuy Suite Project Owner,Owner-requested canonical target contract; not implementation evidence,d12d49b55c4fd1266f3652dbab0a553904fcc6dc3e331a6f0ee9d661e490e021,34572,text/markdown,CANONICAL-SHARED-CONTRACT,CANONICAL-CURRENT,GOVERNED-API-SPECIFICATION,api,,,,,,NONE,2026-07-26T16:00:00+07:00,,
KLSRC-0037,docs/source/inbox/kitluy-edge-sync-protocol-v1.0.0.md,docs/source/offline/kitluy-edge-sync-protocol-v1.0.0.md,kitluy-edge-sync-protocol-v1.0.0.md,kitluy-edge-sync-protocol-v1.0.0.md,KitLuy Edge Sync Protocol,1.0.0,,,Canonical target contract; not implementation evidence,0bcd14dca14216ea11e19ebe667020c024b1bbaec94341572edf97dea81a0f38,15200,text/markdown,CANONICAL-SHARED-CONTRACT,CANONICAL-CURRENT,STORE-HUB-OFFLINE-PROTOCOL,edge,,,,,,NONE,2026-07-26T16:00:00+07:00,,
KLSRC-0038,docs/source/inbox/kitluy-event-schema-compatibility-policy-v1.0.0.md,docs/source/api-contracts/kitluy-event-schema-compatibility-policy-v1.0.0.md,kitluy-event-schema-compatibility-policy-v1.0.0.md,kitluy-event-schema-compatibility-policy-v1.0.0.md,KitLuy Event Schema Compatibility Policy,1.0.0,,HET / KitLuy Suite Project Owner,Canonical target contract; not implementation evidence,4ec07bfd4cab9678522313bbd0b709b46fdcf3a3c391819837da5f8e2fa91a2d,9597,text/markdown,CANONICAL-SHARED-CONTRACT,CANONICAL-CURRENT,EVENT-COMPATIBILITY-POLICY,events,,,,,,NONE,2026-07-26T16:00:00+07:00,,
KLSRC-0039,docs/source/inbox/kitluy-file-service-phase1-spec-v1.0.0.md,docs/source/shared-services/kitluy-file-service-phase1-spec-v1.0.0.md,kitluy-file-service-phase1-spec-v1.0.0.md,kitluy-file-service-phase1-spec-v1.0.0.md,KitLuy File Service — Phase 1 Shared-Service Specification,1.0.0,2026-07-26,HET / KitLuy Suite Project Owner,Canonical target specification; not implementation evidence,16afd7cc01e5efaacea1dbf348ccac25c10bc422bb0c85ff694788875346a5c3,38981,text/markdown,CURRENT-PRODUCT-SPECIFICATION,CANONICAL-CURRENT,SHARED-SERVICE-SPECIFICATION,services,,,,,,NONE,2026-07-26T16:00:00+07:00,,
KLSRC-0040,docs/source/inbox/kitluy-finance-subledger-and-reconciliation-v1.0.0.md,docs/source/business-rules/kitluy-finance-subledger-and-reconciliation-v1.0.0.md,kitluy-finance-subledger-and-reconciliation-v1.0.0.md,kitluy-finance-subledger-and-reconciliation-v1.0.0.md,KitLuy Finance Subledger and Reconciliation Rules,1.0.0,,,,5e44333e2bec44c19c29fd564b5142a31566ae5bc14d468dda0683dc209094bb,36320,text/markdown,CANONICAL-SHARED-CONTRACT,CANONICAL-CURRENT,CANONICAL-BUSINESS-RULES,business-rules,,,,,,NONE,2026-07-26T16:00:00+07:00,,
KLSRC-0041,docs/source/inbox/kitluy-glossary-and-naming-standard-v1.0.0.md,docs/source/canonical/kitluy-glossary-and-naming-standard-v1.0.0.md,kitluy-glossary-and-naming-standard-v1.0.0.md,kitluy-glossary-and-naming-standard-v1.0.0.md,KitLuy Glossary and Naming Standard,1.0.0,,HET / KitLuy Suite Project Owner,CANONICAL TERMINOLOGY STANDARD,bc9c786f40e8a4d495031e17e9bb16a41334dec82e8f06caf5d837de20a83c67,19269,text/markdown,MASTER-AUTHORITY,CANONICAL-CURRENT,SOURCE-OF-TRUTH-CONTROL-PACK,suite,,bootstrap recreation in docs/authority/ (commit 4a79f66),,,,NONE,2026-07-26T16:00:00+07:00,,
KLSRC-0042,docs/source/inbox/kitluy-hardware-compatibility-matrix-phase1-v1.0.0.md,docs/source/offline/kitluy-hardware-compatibility-matrix-phase1-v1.0.0.md,kitluy-hardware-compatibility-matrix-phase1-v1.0.0.md,kitluy-hardware-compatibility-matrix-phase1-v1.0.0.md,KitLuy Hardware Compatibility Matrix — Phase 1 Laundry,1.0.0,,,Certification baseline and test contract; not proof that HET certification tests have passed,1b5bbd467110ea350582d328601c96db32c0ef3c5360cfbdfdcd028af43f0fb0,14582,text/markdown,CANONICAL-SHARED-CONTRACT,CANONICAL-CURRENT,HARDWARE-COMPATIBILITY-MATRIX,edge,laundry,,,,,NONE,2026-07-26T16:00:00+07:00,,
KLSRC-0043,docs/source/inbox/kitluy-implementation-status-and-evidence-register-v1.0.0.md,docs/source/canonical/kitluy-implementation-status-and-evidence-register-v1.0.0.md,kitluy-implementation-status-and-evidence-register-v1.0.0.md,kitluy-implementation-status-and-evidence-register-v1.0.0.md,KitLuy Implementation Status and Evidence Register,1.0.0,,HET / KitLuy Suite Project Owner,CANONICAL IMPLEMENTATION-EVIDENCE CONTROL,815bbfc36fa5b1d3f8b5317cf246b85bd833a295e38364c05071e40f54c784e4,13297,text/markdown,MASTER-AUTHORITY,CANONICAL-CURRENT,SOURCE-OF-TRUTH-CONTROL-PACK,suite,,bootstrap recreation in docs/authority/ (commit 4a79f66),,,,NONE,2026-07-26T16:00:00+07:00,,
KLSRC-0044,docs/source/inbox/kitluy-integration-hub-phase1-spec-v1.0.0.md,docs/source/shared-services/kitluy-integration-hub-phase1-spec-v1.0.0.md,kitluy-integration-hub-phase1-spec-v1.0.0.md,kitluy-integration-hub-phase1-spec-v1.0.0.md,KitLuy Integration Hub — Phase 1 Shared-Service Specification,1.0.0,2026-07-26,HET / KitLuy Suite Project Owner,Canonical target specification; not implementation evidence,9cd4344d858ccaf5a775919ed017493b021c0879245954e56478526ac2bfb9f1,38998,text/markdown,CURRENT-PRODUCT-SPECIFICATION,CANONICAL-CURRENT,SHARED-SERVICE-SPECIFICATION,services,,,,,,NONE,2026-07-26T16:00:00+07:00,,
KLSRC-0045,docs/source/inbox/kitluy-inventory-movement-and-cost-rules-v1.0.0.md,docs/source/business-rules/kitluy-inventory-movement-and-cost-rules-v1.0.0.md,kitluy-inventory-movement-and-cost-rules-v1.0.0.md,kitluy-inventory-movement-and-cost-rules-v1.0.0.md,KitLuy Inventory Movement and Cost Rules,1.0.0,,,,b9652d45bbb6944765bef0d21db3af05a6afaf844d07d0c72815732147f9b562,38540,text/markdown,CANONICAL-SHARED-CONTRACT,CANONICAL-CURRENT,CANONICAL-BUSINESS-RULES,business-rules,,,,,,NONE,2026-07-26T16:00:00+07:00,,
KLSRC-0046,docs/source/inbox/kitluy-khmer-english-content-style-guide-v1.0.0.md,docs/source/ui-ux/kitluy-khmer-english-content-style-guide-v1.0.0.md,kitluy-khmer-english-content-style-guide-v1.0.0.md,kitluy-khmer-english-content-style-guide-v1.0.0.md,KitLuy Khmer-English Content Style Guide,1.0.0,2026-07-26,HET / KitLuy Suite Project Owner,Canonical target standard; not implementation evidence,7667a2c7d2cd38a680c7700bb4360116d48ccf63d6f97a61eb0e09fb99820c1f,7610,text/markdown,CANONICAL-SHARED-CONTRACT,CANONICAL-CURRENT,UI-UX-STANDARD,ui-ux,,,,,,NONE,2026-07-26T16:00:00+07:00,,
KLSRC-0047,docs/source/inbox/kitluy-kiosk-self-checkout-client-route-screen-inventory-v1.0.0.md,docs/source/ui-ux/kitluy-kiosk-self-checkout-client-route-screen-inventory-v1.0.0.md,kitluy-kiosk-self-checkout-client-route-screen-inventory-v1.0.0.md,kitluy-kiosk-self-checkout-client-route-screen-inventory-v1.0.0.md,KitLuy Kiosk and Self-Checkout Client Route and Screen Inventory,1.0.0,2026-07-26,HET / KitLuy Suite Project Owner,Preliminary phase-gated route contract; not an approved detailed product specification,6b9ab6fe9fb63f4c3a1f007fbea354b95460a7d50151d625835e5b94dd970368,16029,text/markdown,CURRENT-PRODUCT-SPECIFICATION,CANONICAL-CURRENT,"ROUTE-SCREEN-INVENTORY (future client — registered, inactive)",ui-ux,cafe_restaurant,,,,,NONE,2026-07-26T16:00:00+07:00,,
KLSRC-0048,docs/source/inbox/kitluy-laundry-state-machines-v1.0.0.md,docs/source/business-rules/kitluy-laundry-state-machines-v1.0.0.md,kitluy-laundry-state-machines-v1.0.0.md,kitluy-laundry-state-machines-v1.0.0.md,KitLuy Laundry State Machines,1.0.0,,,,2f9053768cdb69725ce4a43eb12b467080d1eedf3016c3357fedf1bfeabd3eb8,34088,text/markdown,CANONICAL-SHARED-CONTRACT,CANONICAL-CURRENT,STATE-MACHINE-CONTRACT,business-rules,laundry,,,,,NONE,2026-07-26T16:00:00+07:00,,
KLSRC-0049,docs/source/inbox/kitluy-localization-key-registry-v1.0.0.md,docs/source/ui-ux/kitluy-localization-key-registry-v1.0.0.md,kitluy-localization-key-registry-v1.0.0.md,kitluy-localization-key-registry-v1.0.0.md,KitLuy Localization Key Registry,1.0.0,2026-07-26,HET / KitLuy Suite Project Owner,Canonical target standard; not implementation evidence,782912c3e7ea40fd61ec996daa6e30ef4435e7fcb51878717bb4cf6b2be8d703,9260,text/markdown,CANONICAL-SHARED-CONTRACT,CANONICAL-CURRENT,UI-UX-STANDARD,ui-ux,,,,,,NONE,2026-07-26T16:00:00+07:00,,
KLSRC-0050,docs/source/inbox/kitluy-management-api-v1.0.0.md,docs/source/api-contracts/kitluy-management-api-v1.0.0.md,kitluy-management-api-v1.0.0.md,kitluy-management-api-v1.0.0.md,KitLuy Management API — Canonical Contract,1.0.0,,HET / KitLuy Suite Project Owner,Owner-requested canonical target contract; not implementation evidence,d758886e9e32c66d90726a09bdd6b566741787d5170cc4e6dbdb94819c0056d2,33563,text/markdown,CANONICAL-SHARED-CONTRACT,CANONICAL-CURRENT,GOVERNED-API-SPECIFICATION,api,,,,,,NONE,2026-07-26T16:00:00+07:00,,
KLSRC-0051,docs/source/inbox/kitluy-mcp-server-phase1-spec-v1.0.0.md,docs/source/shared-services/kitluy-mcp-server-phase1-spec-v1.0.0.md,kitluy-mcp-server-phase1-spec-v1.0.0.md,kitluy-mcp-server-phase1-spec-v1.0.0.md,KitLuy MCP Server — Phase 1 Shared-Service Specification,1.0.0,2026-07-26,HET / KitLuy Suite Project Owner,Canonical target specification; not implementation evidence,a419006597dd9540483bbd013c450bbb14c77832716223a0463ccfa8b88a916f,36016,text/markdown,CURRENT-PRODUCT-SPECIFICATION,CANONICAL-CURRENT,SHARED-SERVICE-SPECIFICATION,services,,,,,,NONE,2026-07-26T16:00:00+07:00,,
KLSRC-0052,docs/source/inbox/kitluy-notification-service-phase1-spec-v1.0.0.md,docs/source/shared-services/kitluy-notification-service-phase1-spec-v1.0.0.md,kitluy-notification-service-phase1-spec-v1.0.0.md,kitluy-notification-service-phase1-spec-v1.0.0.md,KitLuy Notification Service — Phase 1 Shared-Service Specification,1.0.0,2026-07-26,HET / KitLuy Suite Project Owner,Canonical target specification; not implementation evidence,1a918bd9d0bbe33e9f27a143de5a387b5547a4415e2f7f292ebef2bb60dd71ee,38794,text/markdown,CURRENT-PRODUCT-SPECIFICATION,CANONICAL-CURRENT,SHARED-SERVICE-SPECIFICATION,services,,,,,,NONE,2026-07-26T16:00:00+07:00,,
KLSRC-0053,docs/source/inbox/kitluy-offline-idempotency-and-sequencing-v1.0.0.md,docs/source/offline/kitluy-offline-idempotency-and-sequencing-v1.0.0.md,kitluy-offline-idempotency-and-sequencing-v1.0.0.md,kitluy-offline-idempotency-and-sequencing-v1.0.0.md,KitLuy Offline Idempotency and Sequencing,1.0.0,,,Canonical target contract; not implementation evidence,2d3aa864b4f5ba243a3536e686f19e87d2f8e76105c14d82b03cdf4e9484133d,12806,text/markdown,CANONICAL-SHARED-CONTRACT,CANONICAL-CURRENT,STORE-HUB-OFFLINE-PROTOCOL,edge,,,,,,NONE,2026-07-26T16:00:00+07:00,,
KLSRC-0054,docs/source/inbox/kitluy-open-decisions-and-required-values-v1.0.0.md,docs/source/canonical/kitluy-open-decisions-and-required-values-v1.0.0.md,kitluy-open-decisions-and-required-values-v1.0.0.md,kitluy-open-decisions-and-required-values-v1.0.0.md,KitLuy Open Decisions and Required Values Register,1.0.0,,HET / KitLuy Suite Project Owner,CANONICAL OPEN-VALUE REGISTER,ec7a4b1e30046dbbf1eb2d5ce04e3a1a20d243fa1c123832af4c8652fb0b88f8,2247623,text/markdown,MASTER-AUTHORITY,CANONICAL-CURRENT,SOURCE-OF-TRUTH-CONTROL-PACK,suite,,bootstrap recreation in docs/authority/ (commit 4a79f66),,,,NONE,2026-07-26T16:00:00+07:00,,
KLSRC-0055,docs/source/inbox/kitluy-outbox-and-event-delivery-pattern-v1.0.0.md,docs/source/api-contracts/kitluy-outbox-and-event-delivery-pattern-v1.0.0.md,kitluy-outbox-and-event-delivery-pattern-v1.0.0.md,kitluy-outbox-and-event-delivery-pattern-v1.0.0.md,KitLuy Outbox and Event Delivery Pattern,1.0.0,,HET / KitLuy Suite Project Owner,Canonical target contract; not implementation evidence,89d8410538ca4e1797537375cf3a117762608e2717075abadb32bc658426b351,13501,text/markdown,CANONICAL-SHARED-CONTRACT,CANONICAL-CURRENT,EVENT-DELIVERY-PATTERN,events,,,,,,NONE,2026-07-26T16:00:00+07:00,,
KLSRC-0056,docs/source/inbox/kitluy-partner-app-route-screen-inventory-v1.0.0.md,docs/source/ui-ux/kitluy-partner-app-route-screen-inventory-v1.0.0.md,kitluy-partner-app-route-screen-inventory-v1.0.0.md,kitluy-partner-app-route-screen-inventory-v1.0.0.md,KitLuy Partner App Route and Screen Inventory,1.0.0,2026-07-26,HET / KitLuy Suite Project Owner,Canonical target route contract; not implementation evidence,3f14d3f9a9ece433da275796578ce31b51b5283d6be8c8f14d2749467d9d8031,27293,text/markdown,CURRENT-PRODUCT-SPECIFICATION,CANONICAL-CURRENT,ROUTE-SCREEN-INVENTORY,ui-ux,laundry,,,,,NONE,2026-07-26T16:00:00+07:00,,
KLSRC-0057,docs/source/inbox/kitluy-partner-pwa-portal-route-screen-inventory-v1.0.0.md,docs/source/ui-ux/kitluy-partner-pwa-portal-route-screen-inventory-v1.0.0.md,kitluy-partner-pwa-portal-route-screen-inventory-v1.0.0.md,kitluy-partner-pwa-portal-route-screen-inventory-v1.0.0.md,KitLuy Partner PWA Portal Route and Screen Inventory,1.0.0,2026-07-26,HET / KitLuy Suite Project Owner,Canonical target route contract; not implementation evidence,e26843a6a37af93a17e44bc670375eba4f5d9a5816c14420881e7153d224ed02,81624,text/markdown,CURRENT-PRODUCT-SPECIFICATION,CANONICAL-CURRENT,ROUTE-SCREEN-INVENTORY,ui-ux,laundry,,,,,NONE,2026-07-26T16:00:00+07:00,,
KLSRC-0058,docs/source/inbox/kitluy-payment-refund-and-void-rules-v1.0.0.md,docs/source/business-rules/kitluy-payment-refund-and-void-rules-v1.0.0.md,kitluy-payment-refund-and-void-rules-v1.0.0.md,kitluy-payment-refund-and-void-rules-v1.0.0.md,"KitLuy Payment, Refund and Void Rules",1.0.0,,,,97b2ce03ac51f3d7eae310e53f3a1240ecf15ab64df09678b1e4ba4ae92291f1,38607,text/markdown,CANONICAL-SHARED-CONTRACT,CANONICAL-CURRENT,CANONICAL-BUSINESS-RULES,business-rules,,,,,,NONE,2026-07-26T16:00:00+07:00,,
KLSRC-0059,docs/source/inbox/kitluy-pos-desktop-app-route-screen-inventory-v1.0.0.md,docs/source/ui-ux/kitluy-pos-desktop-app-route-screen-inventory-v1.0.0.md,kitluy-pos-desktop-app-route-screen-inventory-v1.0.0.md,kitluy-pos-desktop-app-route-screen-inventory-v1.0.0.md,KitLuy POS Desktop App Route and Screen Inventory,1.0.0,2026-07-26,HET / KitLuy Suite Project Owner,Canonical target route contract; not implementation evidence,5cb236b1640b6f90a5b8f4ed933f7b5bb4df1da09bb17d6b07a304fe91178bf8,22815,text/markdown,CURRENT-PRODUCT-SPECIFICATION,CANONICAL-CURRENT,ROUTE-SCREEN-INVENTORY,ui-ux,laundry,,,,,NONE,2026-07-26T16:00:00+07:00,,
KLSRC-0060,docs/source/inbox/kitluy-pos-mobile-app-route-screen-inventory-v1.0.0.md,docs/source/ui-ux/kitluy-pos-mobile-app-route-screen-inventory-v1.0.0.md,kitluy-pos-mobile-app-route-screen-inventory-v1.0.0.md,kitluy-pos-mobile-app-route-screen-inventory-v1.0.0.md,KitLuy POS Mobile App Route and Screen Inventory,1.0.0,2026-07-26,HET / KitLuy Suite Project Owner,Canonical target route contract; not implementation evidence,f2609ef165c90b8c3b14fc29e27e8ca773ac158ec3d38f7f900a48a8f5ceaf61,38423,text/markdown,CURRENT-PRODUCT-SPECIFICATION,CANONICAL-CURRENT,ROUTE-SCREEN-INVENTORY,ui-ux,laundry,,,,,NONE,2026-07-26T16:00:00+07:00,,
KLSRC-0061,docs/source/inbox/kitluy-pricing-discount-tax-and-rounding-rules-v1.0.0.md,docs/source/business-rules/kitluy-pricing-discount-tax-and-rounding-rules-v1.0.0.md,kitluy-pricing-discount-tax-and-rounding-rules-v1.0.0.md,kitluy-pricing-discount-tax-and-rounding-rules-v1.0.0.md,"KitLuy Pricing, Discount, Tax and Rounding Rules",1.0.0,,,,9f517ab38d29d5ba936b00e741d57842414ce9b51accd3e4443fe4c198fd073a,36294,text/markdown,CANONICAL-SHARED-CONTRACT,CANONICAL-CURRENT,CANONICAL-BUSINESS-RULES,business-rules,,,,,,NONE,2026-07-26T16:00:00+07:00,,
KLSRC-0062,docs/source/inbox/kitluy-rag-indexer-phase1-spec-v1.0.0.md,docs/source/shared-services/kitluy-rag-indexer-phase1-spec-v1.0.0.md,kitluy-rag-indexer-phase1-spec-v1.0.0.md,kitluy-rag-indexer-phase1-spec-v1.0.0.md,KitLuy RAG Indexer — Phase 1 Shared-Service Specification,1.0.0,2026-07-26,HET / KitLuy Suite Project Owner,Canonical target specification; not implementation evidence,ceb058b739a72ce9fd2bc820449e9f5f284ef849fe106074cce0e1b4230510d7,36866,text/markdown,CURRENT-PRODUCT-SPECIFICATION,CANONICAL-CURRENT,SHARED-SERVICE-SPECIFICATION,services,,,,,,NONE,2026-07-26T16:00:00+07:00,,
KLSRC-0063,docs/source/inbox/kitluy-replay-and-reconciliation-runbook-v1.0.0.md,docs/source/api-contracts/kitluy-replay-and-reconciliation-runbook-v1.0.0.md,kitluy-replay-and-reconciliation-runbook-v1.0.0.md,kitluy-replay-and-reconciliation-runbook-v1.0.0.md,KitLuy Replay and Reconciliation Runbook,1.0.0,,HET / KitLuy Suite Project Owner,Canonical target contract; not implementation evidence,6307ad0ae78b8d7a202841ef4778ac5eab8db8c5ec91af6c0aed5919c3953ea8,13729,text/markdown,CANONICAL-SHARED-CONTRACT,CANONICAL-CURRENT,REPLAY-RECONCILIATION-RUNBOOK,events,,,,,,NONE,2026-07-26T16:00:00+07:00,,
KLSRC-0064,docs/source/inbox/kitluy-reporting-and-export-service-phase1-spec-v1.0.0.md,docs/source/shared-services/kitluy-reporting-and-export-service-phase1-spec-v1.0.0.md,kitluy-reporting-and-export-service-phase1-spec-v1.0.0.md,kitluy-reporting-and-export-service-phase1-spec-v1.0.0.md,KitLuy Reporting and Export Service — Phase 1 Shared-Service Specification,1.0.0,2026-07-26,HET / KitLuy Suite Project Owner,Canonical target specification; not implementation evidence,7348008da496a400a762f197b1efc2c2e7447cd78c027254f8a3e7fa60ca8a97,37267,text/markdown,CURRENT-PRODUCT-SPECIFICATION,CANONICAL-CURRENT,SHARED-SERVICE-SPECIFICATION,services,,,,,,NONE,2026-07-26T16:00:00+07:00,,
KLSRC-0065,docs/source/inbox/kitluy-resource-scope-model-v1.0.0.md,docs/source/security/kitluy-resource-scope-model-v1.0.0.md,kitluy-resource-scope-model-v1.0.0.md,kitluy-resource-scope-model-v1.0.0.md,KitLuy Resource Scope Model,1.0.0,,HET / KitLuy Suite Project Owner,Canonical target contract; not implementation evidence,094be7d3e544a9aa3d62708002e992ed53222d18b4f9f97bd74933edd7f35dee,14327,text/markdown,CANONICAL-SHARED-CONTRACT,CANONICAL-CURRENT,SECURITY-POLICY,security,,,,,,NONE,2026-07-26T16:00:00+07:00,,
KLSRC-0066,docs/source/inbox/kitluy-responsive-layout-standard-v1.0.0.md,docs/source/ui-ux/kitluy-responsive-layout-standard-v1.0.0.md,kitluy-responsive-layout-standard-v1.0.0.md,kitluy-responsive-layout-standard-v1.0.0.md,KitLuy Responsive Layout Standard,1.0.0,2026-07-26,HET / KitLuy Suite Project Owner,Canonical target standard; not implementation evidence,4314d142d081cccbf38cefaaac93e767e004981764574d67c413170f0cf3db31,6375,text/markdown,CANONICAL-SHARED-CONTRACT,CANONICAL-CURRENT,UI-UX-STANDARD,ui-ux,,,,,,NONE,2026-07-26T16:00:00+07:00,,
KLSRC-0067,docs/source/inbox/kitluy-restaurant-guest-display-order-and-pay-route-screen-inventory-v1.0.0.md,docs/source/ui-ux/kitluy-restaurant-guest-display-order-and-pay-route-screen-inventory-v1.0.0.md,kitluy-restaurant-guest-display-order-and-pay-route-screen-inventory-v1.0.0.md,kitluy-restaurant-guest-display-order-and-pay-route-screen-inventory-v1.0.0.md,KitLuy Restaurant Guest Display and Order-and-Pay Route and Screen Inventory,1.0.0,2026-07-26,HET / KitLuy Suite Project Owner,Preliminary phase-gated route contract; not an approved detailed product specification,f969975a3c951a23f2793b55b5b904b3a199d3351c6421b72f8bbc4e14ba0a43,17719,text/markdown,CURRENT-PRODUCT-SPECIFICATION,CANONICAL-CURRENT,"ROUTE-SCREEN-INVENTORY (future client — registered, inactive)",ui-ux,cafe_restaurant,,,,,NONE,2026-07-26T16:00:00+07:00,,
KLSRC-0068,docs/source/inbox/kitluy-restaurant-kds-client-route-screen-inventory-v1.0.0.md,docs/source/ui-ux/kitluy-restaurant-kds-client-route-screen-inventory-v1.0.0.md,kitluy-restaurant-kds-client-route-screen-inventory-v1.0.0.md,kitluy-restaurant-kds-client-route-screen-inventory-v1.0.0.md,KitLuy Restaurant KDS Client Route and Screen Inventory,1.0.0,2026-07-26,HET / KitLuy Suite Project Owner,Preliminary phase-gated route contract; not an approved detailed product specification,1d53505dceea40028c12a84ea1b89d1b0ee62ca44cda7a23e5326b6409c4ad70,18115,text/markdown,CURRENT-PRODUCT-SPECIFICATION,CANONICAL-CURRENT,"ROUTE-SCREEN-INVENTORY (future client — registered, inactive)",ui-ux,cafe_restaurant,,,,,NONE,2026-07-26T16:00:00+07:00,,
KLSRC-0069,docs/source/inbox/kitluy-secrets-and-key-management-policy-v1.0.0.md,docs/source/security/kitluy-secrets-and-key-management-policy-v1.0.0.md,kitluy-secrets-and-key-management-policy-v1.0.0.md,kitluy-secrets-and-key-management-policy-v1.0.0.md,KitLuy Secrets and Key Management Policy,1.0.0,,HET / KitLuy Suite Project Owner,Canonical target contract; not implementation evidence,fcd581b77379e1512f78dbdb4861777264eb4f803d0504ec31df9d407f499f36,11267,text/markdown,CANONICAL-SHARED-CONTRACT,CANONICAL-CURRENT,SECURITY-POLICY,security,,,,,,NONE,2026-07-26T16:00:00+07:00,,
KLSRC-0070,docs/source/inbox/kitluy-security-test-plan-phase1-v1.0.0.md,docs/source/security/kitluy-security-test-plan-phase1-v1.0.0.md,kitluy-security-test-plan-phase1-v1.0.0.md,kitluy-security-test-plan-phase1-v1.0.0.md,KitLuy Phase 1 Security Test Plan,1.0.0,,HET / KitLuy Suite Project Owner,Canonical target contract; not implementation evidence,02acd1602b6588e3f0ff92ac317cb0b8348a9d3d6f0a09e1d9b7200986fcaa11,25578,text/markdown,CANONICAL-SHARED-CONTRACT,CANONICAL-CURRENT,SECURITY-ASSESSMENT,security,laundry,,,,,NONE,2026-07-26T16:00:00+07:00,,
KLSRC-0071,docs/source/inbox/kitluy-sensitive-action-and-four-eyes-policy-v1.0.0.md,docs/source/security/kitluy-sensitive-action-and-four-eyes-policy-v1.0.0.md,kitluy-sensitive-action-and-four-eyes-policy-v1.0.0.md,kitluy-sensitive-action-and-four-eyes-policy-v1.0.0.md,KitLuy Sensitive Action and Four-Eyes Policy,1.0.0,,HET / KitLuy Suite Project Owner,Canonical target contract; not implementation evidence,853cbf12e6bd4d7d5024038ab397b19bb4d4c7f063b4c731ecd44cabfbacb1ab,13596,text/markdown,CANONICAL-SHARED-CONTRACT,CANONICAL-CURRENT,SECURITY-POLICY,security,,,,,,NONE,2026-07-26T16:00:00+07:00,,
KLSRC-0072,docs/source/inbox/kitluy-service-account-and-machine-identity-policy-v1.0.0.md,docs/source/security/kitluy-service-account-and-machine-identity-policy-v1.0.0.md,kitluy-service-account-and-machine-identity-policy-v1.0.0.md,kitluy-service-account-and-machine-identity-policy-v1.0.0.md,KitLuy Service Account and Machine Identity Policy,1.0.0,,HET / KitLuy Suite Project Owner,Canonical target contract; not implementation evidence,8b229171616b3ea52da7cedd0f2fe88a8056ee0464101c0e912d5023ef95ba37,10476,text/markdown,CANONICAL-SHARED-CONTRACT,CANONICAL-CURRENT,SECURITY-POLICY,security,,,,,,NONE,2026-07-26T16:00:00+07:00,,
KLSRC-0073,docs/source/inbox/kitluy-source-of-truth-index-v1.0.0.md,docs/source/canonical/kitluy-source-of-truth-index-v1.0.0.md,kitluy-source-of-truth-index-v1.0.0.md,kitluy-source-of-truth-index-v1.0.0.md,KitLuy Source-of-Truth Index,1.0.0,,HET / KitLuy Suite Project Owner,CANONICAL DOCUMENT CONTROL INDEX,81e4c0d1e01777601e5c7cea205adf906c0d86e2aff39d5943cefb5cae54aa6e,22515,text/markdown,MASTER-AUTHORITY,CANONICAL-CURRENT,SOURCE-OF-TRUTH-CONTROL-PACK,suite,,bootstrap recreation in docs/authority/ (commit 4a79f66),,,,NONE,2026-07-26T16:00:00+07:00,,
KLSRC-0074,docs/source/inbox/kitluy-storefront-route-screen-inventory-v1.0.0.md,docs/source/ui-ux/kitluy-storefront-route-screen-inventory-v1.0.0.md,kitluy-storefront-route-screen-inventory-v1.0.0.md,kitluy-storefront-route-screen-inventory-v1.0.0.md,KitLuy Storefront Route and Screen Inventory,1.0.0,2026-07-26,HET / KitLuy Suite Project Owner,Canonical target route contract; not implementation evidence,386c3c4e100a0c028a081dc2f2438850f11d2dfdbc5dc9f27fba010eef2bb56f,19381,text/markdown,CURRENT-PRODUCT-SPECIFICATION,CANONICAL-CURRENT,ROUTE-SCREEN-INVENTORY,ui-ux,laundry,,,,,NONE,2026-07-26T16:00:00+07:00,,
KLSRC-0075,docs/source/inbox/kitluy-storehub-file-cache-and-transfer-protocol-v1.0.0.md,docs/source/offline/kitluy-storehub-file-cache-and-transfer-protocol-v1.0.0.md,kitluy-storehub-file-cache-and-transfer-protocol-v1.0.0.md,kitluy-storehub-file-cache-and-transfer-protocol-v1.0.0.md,KitLuy Store Hub File Cache and Transfer Protocol,1.0.0,,,Canonical target contract; not implementation evidence,cf8240693b8013af33c1d45187785181923c9e215d2c908070a53407b2faf87f,14084,text/markdown,CANONICAL-SHARED-CONTRACT,CANONICAL-CURRENT,STORE-HUB-OFFLINE-PROTOCOL,edge,,,,,,NONE,2026-07-26T16:00:00+07:00,,
KLSRC-0076,docs/source/inbox/kitluy-storehub-lan-api-v1.0.0.md,docs/source/offline/kitluy-storehub-lan-api-v1.0.0.md,kitluy-storehub-lan-api-v1.0.0.md,kitluy-storehub-lan-api-v1.0.0.md,KitLuy Store Hub LAN API,1.0.0,,,Canonical target contract; not implementation evidence,d34c080429a29aa3a02c59b78aaef13075404401d0ddaca079fc7ca351ae0ed0,19998,text/markdown,CANONICAL-SHARED-CONTRACT,CANONICAL-CURRENT,STORE-HUB-OFFLINE-PROTOCOL,edge,,,,,,NONE,2026-07-26T16:00:00+07:00,,
KLSRC-0077,docs/source/inbox/kitluy-storehub-local-database-schema-v1.0.0.md,docs/source/offline/kitluy-storehub-local-database-schema-v1.0.0.md,kitluy-storehub-local-database-schema-v1.0.0.md,kitluy-storehub-local-database-schema-v1.0.0.md,KitLuy Store Hub Local Database Schema,1.0.0,,HET / KitLuy Suite Project Owner,Canonical target contract; not implementation evidence,a1e85d6b52627f118c59314bc5d4e7b90e9c8578cc044be89e4fb078fdece025,35433,text/markdown,CANONICAL-SHARED-CONTRACT,CANONICAL-CURRENT,STORE-HUB-OFFLINE-PROTOCOL,edge,,,,,,NONE,2026-07-26T16:00:00+07:00,,
KLSRC-0078,docs/source/inbox/kitluy-storehub-recovery-and-replacement-runbook-v1.0.0.md,docs/source/offline/kitluy-storehub-recovery-and-replacement-runbook-v1.0.0.md,kitluy-storehub-recovery-and-replacement-runbook-v1.0.0.md,kitluy-storehub-recovery-and-replacement-runbook-v1.0.0.md,KitLuy Store Hub Recovery and Replacement Runbook,1.0.0,,,Canonical target runbook; not implementation evidence,f07625eab66c638547c57cb27339f46bcf70b2e38404214ea9f213b43149f19c,15276,text/markdown,CANONICAL-SHARED-CONTRACT,CANONICAL-CURRENT,STORE-HUB-OFFLINE-PROTOCOL,edge,,,,,,NONE,2026-07-26T16:00:00+07:00,,
KLSRC-0079,docs/source/inbox/kitluy-suite-business-bible-v2.0.0.md,docs/source/canonical/kitluy-suite-business-bible-v2.0.0.md,kitluy-suite-business-bible-v2.0.0.md,kitluy-suite-business-bible-v2.0.0.md,KitLuy Suite — Business Bible,2.0.0,,HET / KitLuy Suite Project Owner,"OWNER-DIRECTED CANONICAL BUSINESS AUTHORITY — TARGET OPERATING MODEL, NOT TRACTION OR IMPLEMENTATION EVIDENCE",87ddcdaca8f9bcfbd072e991d1885ddbf31dca58c13a8985c1fa88a686fe5f61,117317,text/markdown,BUSINESS-AUTHORITY,CANONICAL-CURRENT,BUSINESS-BIBLE,suite,,,,,"docs/source/imported/kitluy-suite-business-bible-v2.0.0.md (same name+version, different hash — verified content-identical (formatting-only variant); imported copy registered as DUPLICATE)",NONE,2026-07-26T16:00:00+07:00,,
KLSRC-0080,docs/source/inbox/kitluy-suite-rbac-permission-registry-v1.0.0.csv,docs/source/security/kitluy-suite-rbac-permission-registry-v1.0.0.csv,kitluy-suite-rbac-permission-registry-v1.0.0.csv,,,1.0.0,,,,56968de0fe81892de521af7c5445195fea76e92cffabd8969452ac6495a5832c,20774,text/csv,CANONICAL-SHARED-CONTRACT,CANONICAL-CURRENT,RBAC-PERMISSION-REGISTRY,security,,,,,,NONE,2026-07-26T16:00:00+07:00,,
KLSRC-0081,docs/source/inbox/kitluy-suite-rbac-permission-registry-v1.0.0.md,docs/source/security/kitluy-suite-rbac-permission-registry-v1.0.0.md,kitluy-suite-rbac-permission-registry-v1.0.0.md,kitluy-suite-rbac-permission-registry-v1.0.0.md,KitLuy Suite RBAC Permission Registry,1.0.0,,HET / KitLuy Suite Project Owner,Canonical target contract; not implementation evidence,1c9da8f915eae5b74a52bebe7d375c868d02efe840fb57bde23962268cdb3d90,57863,text/markdown,CANONICAL-SHARED-CONTRACT,CANONICAL-CURRENT,RBAC-PERMISSION-REGISTRY,security,,,,,,NONE,2026-07-26T16:00:00+07:00,,
KLSRC-0082,docs/source/inbox/kitluy-suite-rebuild-bible-v4.0.0.md,docs/source/canonical/kitluy-suite-rebuild-bible-v4.0.0.md,kitluy-suite-rebuild-bible-v4.0.0.md,kitluy-suite-rebuild-bible-v4.0.0.md,KitLuy Suite — Master Rebuild Bible,4.0.0,,HET / KitLuy Suite Project Owner,"OWNER-DIRECTED CANONICAL MASTER AUTHORITY — TARGET STATE, NOT IMPLEMENTATION EVIDENCE",cf56df78cb0b71a38e1fef6e25d895af5b114b41b42fa469667e881ff981d6ea,103920,text/markdown,MASTER-AUTHORITY,CANONICAL-CURRENT,MASTER-REBUILD-BIBLE,suite,,,,,"docs/source/imported/kitluy-suite-rebuild-bible-v4.0.0.md (same name+version, different hash — verified content-identical (formatting-only variant); imported copy registered as DUPLICATE)",NONE,2026-07-26T16:00:00+07:00,,
KLSRC-0083,docs/source/inbox/kitluy-suite-supabase-backup-restore-and-pitr-v1.0.0.md,docs/source/data-contracts/kitluy-suite-supabase-backup-restore-and-pitr-v1.0.0.md,kitluy-suite-supabase-backup-restore-and-pitr-v1.0.0.md,kitluy-suite-supabase-backup-restore-and-pitr-v1.0.0.md,"KitLuy Suite Supabase Backup, Restore and PITR",1.0.0,,,Canonical target backup/restore contract; not implementation evidence,3d38809d929b79388c0734cb9be65a02417c65fe0877248e0691378e67411b67,8651,text/markdown,CANONICAL-SHARED-CONTRACT,CANONICAL-CURRENT,SUPABASE-IMPLEMENTATION-PACK-MEMBER,data,,,,,,NONE,2026-07-26T16:00:00+07:00,,
KLSRC-0084,docs/source/inbox/kitluy-suite-supabase-data-dictionary-v1.0.0.md,docs/source/data-contracts/kitluy-suite-supabase-data-dictionary-v1.0.0.md,kitluy-suite-supabase-data-dictionary-v1.0.0.md,kitluy-suite-supabase-data-dictionary-v1.0.0.md,KitLuy Suite Supabase Data Dictionary,1.0.0,,HET / KitLuy Suite Project Owner,Canonical target dictionary and migration-validation contract; not implementation evidence,74b853766e1f3eaf7516bc8967bae0411bb19085ca7b35108be3b7948417da80,129323,text/markdown,CANONICAL-SHARED-CONTRACT,CANONICAL-CURRENT,SUPABASE-IMPLEMENTATION-PACK-MEMBER,data,,,,,,NONE,2026-07-26T16:00:00+07:00,,
KLSRC-0085,docs/source/inbox/kitluy-suite-supabase-edge-functions-contract-v1.0.0.md,docs/source/data-contracts/kitluy-suite-supabase-edge-functions-contract-v1.0.0.md,kitluy-suite-supabase-edge-functions-contract-v1.0.0.md,kitluy-suite-supabase-edge-functions-contract-v1.0.0.md,KitLuy Suite Supabase Edge Functions Contract,1.0.0,,,Canonical target Edge Function/API contract; not implementation evidence,49b3d0ec2ccaec057d77d132773cd0238beaf90a4e21f9089d4510cc08319763,12572,text/markdown,CANONICAL-SHARED-CONTRACT,CANONICAL-CURRENT,SUPABASE-IMPLEMENTATION-PACK-MEMBER,data,,,,,,NONE,2026-07-26T16:00:00+07:00,,
KLSRC-0086,docs/source/inbox/kitluy-suite-supabase-enum-and-reference-data-registry-v1.0.0.md,docs/source/data-contracts/kitluy-suite-supabase-enum-and-reference-data-registry-v1.0.0.md,kitluy-suite-supabase-enum-and-reference-data-registry-v1.0.0.md,kitluy-suite-supabase-enum-and-reference-data-registry-v1.0.0.md,KitLuy Suite Supabase Enum and Reference Data Registry,1.0.0,,,Canonical target registry; not implementation evidence,38aedc0480e9666e9670a013cbad7bbb31cbcf1460997e7b383fcfbc2c6abf76,15161,text/markdown,CANONICAL-SHARED-CONTRACT,CANONICAL-CURRENT,SUPABASE-IMPLEMENTATION-PACK-MEMBER,data,,,,,,NONE,2026-07-26T16:00:00+07:00,,
KLSRC-0087,docs/source/inbox/kitluy-suite-supabase-functions-rpc-and-triggers-v1.0.0.md,docs/source/data-contracts/kitluy-suite-supabase-functions-rpc-and-triggers-v1.0.0.md,kitluy-suite-supabase-functions-rpc-and-triggers-v1.0.0.md,kitluy-suite-supabase-functions-rpc-and-triggers-v1.0.0.md,"KitLuy Suite Supabase Functions, RPC and Triggers",1.0.0,,,Canonical target function/trigger contract; not implementation evidence,dec6045d734a09e840d96a8a5f6737d011957a9057a4ce52453218d6384c164c,16908,text/markdown,CANONICAL-SHARED-CONTRACT,CANONICAL-CURRENT,SUPABASE-IMPLEMENTATION-PACK-MEMBER,data,,,,,,NONE,2026-07-26T16:00:00+07:00,,
KLSRC-0088,docs/source/inbox/kitluy-suite-supabase-generated-types-policy-v1.0.0.md,docs/source/data-contracts/kitluy-suite-supabase-generated-types-policy-v1.0.0.md,kitluy-suite-supabase-generated-types-policy-v1.0.0.md,kitluy-suite-supabase-generated-types-policy-v1.0.0.md,KitLuy Suite Supabase Generated Types Policy,1.0.0,,backend/platform data team. Application teams consume a versioned package; they do not run ad-hoc production generation.,Canonical target type-generation and compatibility policy; not implementation evidence,cf4dcc53bf9847f5c75537b9afc991217d3b7c6298621d0dcce7ea51f654b910,7572,text/markdown,CANONICAL-SHARED-CONTRACT,CANONICAL-CURRENT,SUPABASE-IMPLEMENTATION-PACK-MEMBER,data,,,,,,NONE,2026-07-26T16:00:00+07:00,,
KLSRC-0089,docs/source/inbox/kitluy-suite-supabase-implementation-pack-v1.0.0.sha256,docs/source/data-contracts/kitluy-suite-supabase-implementation-pack-v1.0.0.sha256,kitluy-suite-supabase-implementation-pack-v1.0.0.sha256,,,1.0.0,,,,91d8bae6588eb9dc40de6d0f303765dbc9a6fc5a445fd9660693bd8012e16974,1233,text/plain (sha256 checksum list),CANONICAL-SHARED-CONTRACT,CANONICAL-CURRENT,PACK-CHECKSUMS (Supabase implementation pack),data,,,,,,NONE,2026-07-26T16:00:00+07:00,Declared hashes differ from physical files for most members (files regenerated after checksum creation) — see inventory pack_manifest_discrepancies.,
KLSRC-0090,docs/source/inbox/kitluy-suite-supabase-realtime-publication-plan-v1.0.0.md,docs/source/data-contracts/kitluy-suite-supabase-realtime-publication-plan-v1.0.0.md,kitluy-suite-supabase-realtime-publication-plan-v1.0.0.md,kitluy-suite-supabase-realtime-publication-plan-v1.0.0.md,KitLuy Suite Supabase Realtime Publication Plan,1.0.0,,,Canonical target Realtime plan; not implementation evidence,d779b65f16fdbfba81fb83702ae24ca0bfccbc72311fd68fe245f393f4e29226,7622,text/markdown,CANONICAL-SHARED-CONTRACT,CANONICAL-CURRENT,SUPABASE-IMPLEMENTATION-PACK-MEMBER,data,,,,,,NONE,2026-07-26T16:00:00+07:00,,
KLSRC-0091,docs/source/inbox/kitluy-suite-supabase-seed-and-test-fixture-plan-v1.0.0.md,docs/source/data-contracts/kitluy-suite-supabase-seed-and-test-fixture-plan-v1.0.0.md,kitluy-suite-supabase-seed-and-test-fixture-plan-v1.0.0.md,kitluy-suite-supabase-seed-and-test-fixture-plan-v1.0.0.md,KitLuy Suite Supabase Seed and Test Fixture Plan,1.0.0,,,Canonical target seed/fixture contract; not implementation evidence,7266922a3dd3307e50cd018add4bbc4d67b90df560fb01a0e6673bd351d8df7f,10730,text/markdown,CANONICAL-SHARED-CONTRACT,CANONICAL-CURRENT,SUPABASE-IMPLEMENTATION-PACK-MEMBER,data,,,,,,NONE,2026-07-26T16:00:00+07:00,,
KLSRC-0092,docs/source/inbox/kitluy-suite-supabase-storage-metadata-contract-v1.0.0.md,docs/source/data-contracts/kitluy-suite-supabase-storage-metadata-contract-v1.0.0.md,kitluy-suite-supabase-storage-metadata-contract-v1.0.0.md,kitluy-suite-supabase-storage-metadata-contract-v1.0.0.md,KitLuy Suite Supabase Storage Metadata Contract,1.0.0,,,Canonical target metadata contract; not implementation evidence,d8c9b94703367acacfe04904d33c576d002225fbbf305f57f9d03a83efcfed74,7482,text/markdown,CANONICAL-SHARED-CONTRACT,CANONICAL-CURRENT,SUPABASE-IMPLEMENTATION-PACK-MEMBER,data,,,,,,NONE,2026-07-26T16:00:00+07:00,,
KLSRC-0093,docs/source/inbox/kitluy-suite-supabase-validation-and-database-qa-v1.0.0.md,docs/source/data-contracts/kitluy-suite-supabase-validation-and-database-qa-v1.0.0.md,kitluy-suite-supabase-validation-and-database-qa-v1.0.0.md,kitluy-suite-supabase-validation-and-database-qa-v1.0.0.md,KitLuy Suite Supabase Validation and Database QA,1.0.0,,,Canonical target validation plan; not implementation evidence,5b8fc9a755ed983f3e4ddd74ab39c116687919c5bb51c7a98346c10a13e8f28f,8545,text/markdown,CANONICAL-SHARED-CONTRACT,CANONICAL-CURRENT,SUPABASE-IMPLEMENTATION-PACK-MEMBER,data,,,,,,NONE,2026-07-26T16:00:00+07:00,,
KLSRC-0094,docs/source/inbox/kitluy-superseded-document-register-v1.0.0.md,docs/source/canonical/kitluy-superseded-document-register-v1.0.0.md,kitluy-superseded-document-register-v1.0.0.md,kitluy-superseded-document-register-v1.0.0.md,KitLuy Superseded Document Register,1.0.0,,HET / KitLuy Suite Project Owner,CANONICAL SUPERSESSION AND LEGACY CONTROL,209eb08f2de333fe6b355e70dc02a118b2ce4c8c4fedb3238429cee94eaf7a21,8660,text/markdown,MASTER-AUTHORITY,CANONICAL-CURRENT,SOURCE-OF-TRUTH-CONTROL-PACK,suite,,bootstrap recreation in docs/authority/ (commit 4a79f66),,,,NONE,2026-07-26T16:00:00+07:00,,
KLSRC-0095,docs/source/inbox/kitluy-support-access-and-consent-policy-v1.0.0.md,docs/source/security/kitluy-support-access-and-consent-policy-v1.0.0.md,kitluy-support-access-and-consent-policy-v1.0.0.md,kitluy-support-access-and-consent-policy-v1.0.0.md,KitLuy Support Access and Consent Policy,1.0.0,,HET / KitLuy Suite Project Owner,Canonical target contract; not implementation evidence,bc6808c7e6f2f3d038b34cbfa775a643d2426b5dcc8794d981d5b709b4b68133,9906,text/markdown,CANONICAL-SHARED-CONTRACT,CANONICAL-CURRENT,SECURITY-POLICY,security,,,,,,NONE,2026-07-26T16:00:00+07:00,,
KLSRC-0096,docs/source/inbox/kitluy-sync-conflict-resolution-policy-v1.0.0.md,docs/source/offline/kitluy-sync-conflict-resolution-policy-v1.0.0.md,kitluy-sync-conflict-resolution-policy-v1.0.0.md,kitluy-sync-conflict-resolution-policy-v1.0.0.md,KitLuy Sync Conflict Resolution Policy,1.0.0,,,Canonical target policy; not implementation evidence,e0a8c1fd86be049773011c367437c2cd62c2ea9f4446124c0e8b6ee68950e23d,12601,text/markdown,CANONICAL-SHARED-CONTRACT,CANONICAL-CURRENT,STORE-HUB-OFFLINE-PROTOCOL,edge,,,,,,NONE,2026-07-26T16:00:00+07:00,,
KLSRC-0097,docs/source/inbox/kitluy-terminal-profile-contract-t1-t4-v1.0.0.md,docs/source/offline/kitluy-terminal-profile-contract-t1-t4-v1.0.0.md,kitluy-terminal-profile-contract-t1-t4-v1.0.0.md,kitluy-terminal-profile-contract-t1-t4-v1.0.0.md,KitLuy Terminal Profile Contract — T1 to T4,1.0.0,,,Canonical target contract; not implementation evidence,b9b0f942ec1512103fba6d500c8103228de47c9bd5b356936333f0f4e5a692a0,18934,text/markdown,CANONICAL-SHARED-CONTRACT,CANONICAL-CURRENT,TERMINAL-PROFILE-CONTRACT,edge,laundry,,,,,NONE,2026-07-26T16:00:00+07:00,,
KLSRC-0098,docs/source/inbox/kitluy-threat-model-phase1-v1.0.0.md,docs/source/security/kitluy-threat-model-phase1-v1.0.0.md,kitluy-threat-model-phase1-v1.0.0.md,kitluy-threat-model-phase1-v1.0.0.md,KitLuy Phase 1 Threat Model,1.0.0,,HET / KitLuy Suite Project Owner,Canonical target contract; not implementation evidence,a0aad0fd6a09528f81d78156a0f914aaa8ad8f3d0e79b5dbdc2467a1a10760e9,19001,text/markdown,CANONICAL-SHARED-CONTRACT,CANONICAL-CURRENT,SECURITY-ASSESSMENT,security,laundry,,,,,NONE,2026-07-26T16:00:00+07:00,,
KLSRC-0099,docs/source/inbox/kitluy-transaction-and-booking-lifecycle-v1.0.0.md,docs/source/business-rules/kitluy-transaction-and-booking-lifecycle-v1.0.0.md,kitluy-transaction-and-booking-lifecycle-v1.0.0.md,kitluy-transaction-and-booking-lifecycle-v1.0.0.md,KitLuy Transaction and Booking Lifecycle,1.0.0,,,,80e60a6404b9407ad05f483dfb81ae215d4dc2e6b2b1f6272631585c2ddb5461,32432,text/markdown,CANONICAL-SHARED-CONTRACT,CANONICAL-CURRENT,CANONICAL-BUSINESS-RULES,business-rules,,,,,,NONE,2026-07-26T16:00:00+07:00,,
KLSRC-0100,docs/source/inbox/kitluy-webhook-contract-registry-v1.0.0.md,docs/source/api-contracts/kitluy-webhook-contract-registry-v1.0.0.md,kitluy-webhook-contract-registry-v1.0.0.md,kitluy-webhook-contract-registry-v1.0.0.md,KitLuy Webhook Contract Registry,1.0.0,,HET / KitLuy Suite Project Owner,Canonical target contract; not implementation evidence,1312bc2fbd384219b8689a25812559070bdce8c120d7ed90740329fdbf630fef,13300,text/markdown,CANONICAL-SHARED-CONTRACT,CANONICAL-CURRENT,WEBHOOK-CONTRACT-REGISTRY,events,,,,,,NONE,2026-07-26T16:00:00+07:00,,
KLSRC-0101,docs/source/inbox/manifest copy.json,docs/source/ui-ux/manifest copy.json,manifest copy.json,,,,,,,27cc37971ad989e301ae4e321201612a678be17c929a3589278ab976be4b7fab,3825,application/json,CANONICAL-SHARED-CONTRACT,CANONICAL-CURRENT,PACK-CHECKSUMS (UI/UX build pack),ui-ux,,,,,,NONE,2026-07-26T16:00:00+07:00,Declared sizes/hashes differ from physical files (regenerated after manifest creation). Physical filename contains a space + ' copy' suffix.,
KLSRC-0102,docs/source/inbox/manifest.json,docs/source/security/manifest.json,manifest.json,,,,,,,6b097e834c62b2ced64cba0d5af8798086199f8e930eb325f116e1c7b160e69a,1183,application/json,CANONICAL-SHARED-CONTRACT,CANONICAL-CURRENT,PACK-CHECKSUMS (Security pack),security,,,,,,NONE,2026-07-26T16:00:00+07:00,Declared sizes differ from physical files; declares a README.md (890B) that was overwritten by the API pack index in the flattened inbox.,
KLSRC-0103,docs/source/inbox/CODEOWNERS,docs/source/engineering/CODEOWNERS,CODEOWNERS,,KitLuy Suite CODEOWNERS,,,,,ff0cbefdff54c3394f378d9b1da071988db735364dabfdf95db3eafa0a15b216,2479,application/octet-stream,OWNER-INSTRUCTION,CANONICAL-CURRENT,REPOSITORY-GOVERNANCE-FILE,engineering,,,,,,NONE,2026-07-26T17:00:00+07:00,Owner-supplied replacement candidate for the repo-root file of the same name; reconciliation recorded before adoption.,2026-07-26-2
KLSRC-0104,docs/source/inbox/CONTRIBUTING.md,docs/source/engineering/CONTRIBUTING.md,CONTRIBUTING.md,,Contributing to KitLuy Suite,,,,,98f0734b85369d71f00b296e51a8cc634e29199068c0da607553b4ee1cc41522,4644,text/markdown,OWNER-INSTRUCTION,CANONICAL-CURRENT,REPOSITORY-GOVERNANCE-FILE,engineering,,,,,,NONE,2026-07-26T17:00:00+07:00,Owner-supplied replacement candidate for the repo-root file of the same name; reconciliation recorded before adoption.,2026-07-26-2
KLSRC-0105,docs/source/inbox/PACKAGE_MANIFEST.txt,docs/source/infrastructure/PACKAGE_MANIFEST.txt,PACKAGE_MANIFEST.txt,,,,,,,638835125654edca55682b5c1720c7c53dcda5ac8d6435b7e006c3d1f5c40d6f,606,text/plain,CURRENT-INFRASTRUCTURE-SPECIFICATION,CANONICAL-CURRENT,PACK-INDEX (Infrastructure/Operations Pack),infrastructure,,,,,,NONE,2026-07-26T17:00:00+07:00,,2026-07-26-2
KLSRC-0106,docs/source/inbox/SECURITY.md,docs/source/engineering/SECURITY.md,SECURITY.md,,KitLuy Suite Security Policy,,,,,c8e3b53a2af856f4cd2ab4e7fc60ee1bd54d4a2537b8876276bfde567fb7f1df,4211,text/markdown,OWNER-INSTRUCTION,CANONICAL-CURRENT,REPOSITORY-GOVERNANCE-FILE,engineering,,,,,,NONE,2026-07-26T17:00:00+07:00,Owner-supplied replacement candidate for the repo-root file of the same name; reconciliation recorded before adoption.,2026-07-26-2
KLSRC-0107,docs/source/inbox/kitluy-ai-swarm-operating-system-v1.0.0/00_AI_HANDOFF/000_ACTIVE_PHASE.md,docs/source/owner-instructions/kitluy-ai-swarm-operating-system-v1.0.0/00_AI_HANDOFF/000_ACTIVE_PHASE.md,kitluy-ai-swarm-operating-system-v1.0.0/00_AI_HANDOFF/000_ACTIVE_PHASE.md,,KitLuy Active Phase and Scope Fence,1.0.0,,,owner-locked roadmap position,54a55acab42f0d50c4e6909adbe156912078a15513b89959f0b9f85d5b8786a0,5183,text/markdown,OWNER-INSTRUCTION,CANONICAL-CURRENT,AI-SWARM-OPERATING-SYSTEM,agent-operations,,,,,,NONE,2026-07-26T17:00:00+07:00,"Adoption for this repository (replacing repo-root CLAUDE.md / handoff templates) is a registered proposal, not applied silently — KLREC-2026-07-26-015.",2026-07-26-2
KLSRC-0108,docs/source/inbox/kitluy-ai-swarm-operating-system-v1.0.0/00_AI_HANDOFF/000_BLOCKERS.md,docs/source/owner-instructions/kitluy-ai-swarm-operating-system-v1.0.0/00_AI_HANDOFF/000_BLOCKERS.md,kitluy-ai-swarm-operating-system-v1.0.0/00_AI_HANDOFF/000_BLOCKERS.md,,KitLuy Blockers and Required Decisions,1.0.0,,,,62eb8cd4ffa1abb4e7fdc7e3a4b0c9cb078db9d72457db230bce0a3277260b63,3720,text/markdown,OWNER-INSTRUCTION,CANONICAL-CURRENT,AI-SWARM-OPERATING-SYSTEM,agent-operations,,,,,,NONE,2026-07-26T17:00:00+07:00,"Adoption for this repository (replacing repo-root CLAUDE.md / handoff templates) is a registered proposal, not applied silently — KLREC-2026-07-26-015.",2026-07-26-2
KLSRC-0109,docs/source/inbox/kitluy-ai-swarm-operating-system-v1.0.0/00_AI_HANDOFF/000_CURRENT_STATE.md,docs/source/owner-instructions/kitluy-ai-swarm-operating-system-v1.0.0/00_AI_HANDOFF/000_CURRENT_STATE.md,kitluy-ai-swarm-operating-system-v1.0.0/00_AI_HANDOFF/000_CURRENT_STATE.md,,KitLuy Current Repository State,1.0.0,,,,b1a24d0c4517f54842c461f615ca17d5ca55b2e76246dd1d2f48ac71092c3695,5028,text/markdown,OWNER-INSTRUCTION,CANONICAL-CURRENT,AI-SWARM-OPERATING-SYSTEM,agent-operations,,,,,,NONE,2026-07-26T17:00:00+07:00,"Adoption for this repository (replacing repo-root CLAUDE.md / handoff templates) is a registered proposal, not applied silently — KLREC-2026-07-26-015.",2026-07-26-2
KLSRC-0110,docs/source/inbox/kitluy-ai-swarm-operating-system-v1.0.0/00_AI_HANDOFF/000_INDEX.md,docs/source/owner-instructions/kitluy-ai-swarm-operating-system-v1.0.0/00_AI_HANDOFF/000_INDEX.md,kitluy-ai-swarm-operating-system-v1.0.0/00_AI_HANDOFF/000_INDEX.md,,KitLuy AI Handoff Index,1.0.0,,,,41c29a2b8d8a5ea6d624d6736dd005f9ff57cc15ffd220f557bfff86cc05fbad,4265,text/markdown,OWNER-INSTRUCTION,CANONICAL-CURRENT,AI-SWARM-OPERATING-SYSTEM,agent-operations,,,,,,NONE,2026-07-26T17:00:00+07:00,"Adoption for this repository (replacing repo-root CLAUDE.md / handoff templates) is a registered proposal, not applied silently — KLREC-2026-07-26-015.",2026-07-26-2
KLSRC-0111,docs/source/inbox/kitluy-ai-swarm-operating-system-v1.0.0/00_AI_HANDOFF/CONFLICT_TEMPLATE.md,docs/source/owner-instructions/kitluy-ai-swarm-operating-system-v1.0.0/00_AI_HANDOFF/CONFLICT_TEMPLATE.md,kitluy-ai-swarm-operating-system-v1.0.0/00_AI_HANDOFF/CONFLICT_TEMPLATE.md,,KitLuy Documentation / Code Conflict Report,1.0.0,,decision/instruction,OPEN,39e98c3ee97ab6b452142443e403a44e345577c032bd8c9c8b3a97eaf6cbf982,2097,text/markdown,OWNER-INSTRUCTION,CANONICAL-CURRENT,AI-SWARM-OPERATING-SYSTEM,agent-operations,,,,,,NONE,2026-07-26T17:00:00+07:00,"Adoption for this repository (replacing repo-root CLAUDE.md / handoff templates) is a registered proposal, not applied silently — KLREC-2026-07-26-015.",2026-07-26-2
KLSRC-0112,docs/source/inbox/kitluy-ai-swarm-operating-system-v1.0.0/00_AI_HANDOFF/EVIDENCE_TEMPLATE.md,docs/source/owner-instructions/kitluy-ai-swarm-operating-system-v1.0.0/00_AI_HANDOFF/EVIDENCE_TEMPLATE.md,kitluy-ai-swarm-operating-system-v1.0.0/00_AI_HANDOFF/EVIDENCE_TEMPLATE.md,,KitLuy Test and Deployment Evidence Record,1.0.0,,,,6006cbd5a8fd67250d4d2fbffbe0d7c5e668886ea12f4ffe7d63c3098f132ff4,3998,text/markdown,OWNER-INSTRUCTION,CANONICAL-CURRENT,AI-SWARM-OPERATING-SYSTEM,agent-operations,,,,,,NONE,2026-07-26T17:00:00+07:00,"Adoption for this repository (replacing repo-root CLAUDE.md / handoff templates) is a registered proposal, not applied silently — KLREC-2026-07-26-015.",2026-07-26-2
KLSRC-0113,docs/source/inbox/kitluy-ai-swarm-operating-system-v1.0.0/00_AI_HANDOFF/HANDOFF_TEMPLATE.md,docs/source/owner-instructions/kitluy-ai-swarm-operating-system-v1.0.0/00_AI_HANDOFF/HANDOFF_TEMPLATE.md,kitluy-ai-swarm-operating-system-v1.0.0/00_AI_HANDOFF/HANDOFF_TEMPLATE.md,,KitLuy Task Handoff,1.0.0,,,HANDOFF_READY,bfac5a07789e1759c94a025a75448b5c1dfe1085a830da1ecac19840ad3f0b1b,2732,text/markdown,OWNER-INSTRUCTION,CANONICAL-CURRENT,AI-SWARM-OPERATING-SYSTEM,agent-operations,,,,,,NONE,2026-07-26T17:00:00+07:00,"Adoption for this repository (replacing repo-root CLAUDE.md / handoff templates) is a registered proposal, not applied silently — KLREC-2026-07-26-015.",2026-07-26-2
KLSRC-0114,docs/source/inbox/kitluy-ai-swarm-operating-system-v1.0.0/00_AI_HANDOFF/REVIEW_TEMPLATE.md,docs/source/owner-instructions/kitluy-ai-swarm-operating-system-v1.0.0/00_AI_HANDOFF/REVIEW_TEMPLATE.md,kitluy-ai-swarm-operating-system-v1.0.0/00_AI_HANDOFF/REVIEW_TEMPLATE.md,,KitLuy Independent Review Record,1.0.0,,,,c62e88368d3f2a91a3d9a76ee057d96942380cb6128260a15b2c6367372d32ec,3392,text/markdown,OWNER-INSTRUCTION,CANONICAL-CURRENT,AI-SWARM-OPERATING-SYSTEM,agent-operations,,,,,,NONE,2026-07-26T17:00:00+07:00,"Adoption for this repository (replacing repo-root CLAUDE.md / handoff templates) is a registered proposal, not applied silently — KLREC-2026-07-26-015.",2026-07-26-2
KLSRC-0115,docs/source/inbox/kitluy-ai-swarm-operating-system-v1.0.0/00_AI_HANDOFF/ROLLBACK_TEMPLATE.md,docs/source/owner-instructions/kitluy-ai-swarm-operating-system-v1.0.0/00_AI_HANDOFF/ROLLBACK_TEMPLATE.md,kitluy-ai-swarm-operating-system-v1.0.0/00_AI_HANDOFF/ROLLBACK_TEMPLATE.md,,KitLuy Change Rollback / Forward-Fix Record,1.0.0,,/operator,,93d70e4613c0c4fcbbd2bcb1a85a3d1e9e4105d9c8bf84b28891e6ff193f744e,2680,text/markdown,OWNER-INSTRUCTION,CANONICAL-CURRENT,AI-SWARM-OPERATING-SYSTEM,agent-operations,,,,,,NONE,2026-07-26T17:00:00+07:00,"Adoption for this repository (replacing repo-root CLAUDE.md / handoff templates) is a registered proposal, not applied silently — KLREC-2026-07-26-015.",2026-07-26-2
KLSRC-0116,docs/source/inbox/kitluy-ai-swarm-operating-system-v1.0.0/00_AI_HANDOFF/TASK_TEMPLATE.md,docs/source/owner-instructions/kitluy-ai-swarm-operating-system-v1.0.0/00_AI_HANDOFF/TASK_TEMPLATE.md,kitluy-ai-swarm-operating-system-v1.0.0/00_AI_HANDOFF/TASK_TEMPLATE.md,,KitLuy Work Package,1.0.0,,,DRAFT,2b47c9adb18f1d3afb82fd1f9e5f2a053da77dfb24d306e4fced67044526f38f,6185,text/markdown,OWNER-INSTRUCTION,CANONICAL-CURRENT,AI-SWARM-OPERATING-SYSTEM,agent-operations,,,,,,NONE,2026-07-26T17:00:00+07:00,"Adoption for this repository (replacing repo-root CLAUDE.md / handoff templates) is a registered proposal, not applied silently — KLREC-2026-07-26-015.",2026-07-26-2
KLSRC-0117,docs/source/inbox/kitluy-ai-swarm-operating-system-v1.0.0/AGENTS.md,docs/source/owner-instructions/kitluy-ai-swarm-operating-system-v1.0.0/AGENTS.md,kitluy-ai-swarm-operating-system-v1.0.0/AGENTS.md,,KitLuy Suite Agent Operating Contract,1.0.0,,,repository-root control document,5403bf7b4c88c3d8686d5a8f821c477a2a739f5d19afd8588a364813b2da8f03,10744,text/markdown,OWNER-INSTRUCTION,CANONICAL-CURRENT,AI-SWARM-OPERATING-SYSTEM,agent-operations,,,,,,NONE,2026-07-26T17:00:00+07:00,"Adoption for this repository (replacing repo-root CLAUDE.md / handoff templates) is a registered proposal, not applied silently — KLREC-2026-07-26-015.",2026-07-26-2
KLSRC-0118,docs/source/inbox/kitluy-ai-swarm-operating-system-v1.0.0/AI_SWARM_PACK_MANIFEST.md,docs/source/owner-instructions/kitluy-ai-swarm-operating-system-v1.0.0/AI_SWARM_PACK_MANIFEST.md,kitluy-ai-swarm-operating-system-v1.0.0/AI_SWARM_PACK_MANIFEST.md,,KitLuy AI Swarm Operating System — Delivery Manifest,1.0.0,,,,e3084ebdbe47b7503c0c988fd3204ef439e8e679b777101df18704ca69605ff3,2306,text/markdown,OWNER-INSTRUCTION,CANONICAL-CURRENT,AI-SWARM-OPERATING-SYSTEM,agent-operations,,,,,,NONE,2026-07-26T17:00:00+07:00,"Adoption for this repository (replacing repo-root CLAUDE.md / handoff templates) is a registered proposal, not applied silently — KLREC-2026-07-26-015.",2026-07-26-2
KLSRC-0119,docs/source/inbox/kitluy-ai-swarm-operating-system-v1.0.0/CLAUDE.md,docs/source/owner-instructions/kitluy-ai-swarm-operating-system-v1.0.0/CLAUDE.md,kitluy-ai-swarm-operating-system-v1.0.0/CLAUDE.md,,Claude Code Instructions — KitLuy Suite,1.0.0,,,,2441cec5b7f86f766f66eeeaa9243dcea56893126e30ad3a4950aa7827e798ba,4332,text/markdown,OWNER-INSTRUCTION,CANONICAL-CURRENT,AI-SWARM-OPERATING-SYSTEM,agent-operations,,,,,,NONE,2026-07-26T17:00:00+07:00,"Adoption for this repository (replacing repo-root CLAUDE.md / handoff templates) is a registered proposal, not applied silently — KLREC-2026-07-26-015.",2026-07-26-2
KLSRC-0120,docs/source/inbox/kitluy-ai-swarm-operating-system-v1.0.0/CONTRIBUTING.md,docs/source/owner-instructions/kitluy-ai-swarm-operating-system-v1.0.0/CONTRIBUTING.md,kitluy-ai-swarm-operating-system-v1.0.0/CONTRIBUTING.md,,Contributing to KitLuy Suite,1.0.0,,,,256eed0624b75c4e4f18c40ba47d07b61c118c7bd92ebcae30aa1e8314261061,5031,text/markdown,OWNER-INSTRUCTION,CANONICAL-CURRENT,AI-SWARM-OPERATING-SYSTEM,agent-operations,,,,,,NONE,2026-07-26T17:00:00+07:00,"Adoption for this repository (replacing repo-root CLAUDE.md / handoff templates) is a registered proposal, not applied silently — KLREC-2026-07-26-015.",2026-07-26-2
KLSRC-0121,docs/source/inbox/kitluy-ai-swarm-operating-system-v1.0.0/KIMI.md,docs/source/owner-instructions/kitluy-ai-swarm-operating-system-v1.0.0/KIMI.md,kitluy-ai-swarm-operating-system-v1.0.0/KIMI.md,,KIMI Swarm Instructions — KitLuy Suite,1.0.0,,,,9677051236f62e1563f973d1a5bb718641f40b169d8dad045edd6487d49bc51a,5766,text/markdown,OWNER-INSTRUCTION,CANONICAL-CURRENT,AI-SWARM-OPERATING-SYSTEM,agent-operations,,,,,,NONE,2026-07-26T17:00:00+07:00,"Adoption for this repository (replacing repo-root CLAUDE.md / handoff templates) is a registered proposal, not applied silently — KLREC-2026-07-26-015.",2026-07-26-2
KLSRC-0122,docs/source/inbox/kitluy-ai-swarm-operating-system-v1.0.0/PROJECT_HOME.md,docs/source/owner-instructions/kitluy-ai-swarm-operating-system-v1.0.0/PROJECT_HOME.md,kitluy-ai-swarm-operating-system-v1.0.0/PROJECT_HOME.md,,KitLuy Suite — Project Home,1.0.0,,,,d388599447b7271bbba8a8bb723fcaf8cb6793463f30c94dcde68b54e8ac4e60,5322,text/markdown,OWNER-INSTRUCTION,CANONICAL-CURRENT,AI-SWARM-OPERATING-SYSTEM,agent-operations,,,,,,NONE,2026-07-26T17:00:00+07:00,"Adoption for this repository (replacing repo-root CLAUDE.md / handoff templates) is a registered proposal, not applied silently — KLREC-2026-07-26-015.",2026-07-26-2
KLSRC-0123,docs/source/inbox/kitluy-ai-swarm-operating-system-v1.0.0/SECURITY.md,docs/source/owner-instructions/kitluy-ai-swarm-operating-system-v1.0.0/SECURITY.md,kitluy-ai-swarm-operating-system-v1.0.0/SECURITY.md,,KitLuy Suite Security Policy for Repository Work,1.0.0,,,,2ee6a72b55e3fb57e8f1bd9bf34929146c817426f56f207bbfd6efe8b010da6b,6419,text/markdown,OWNER-INSTRUCTION,CANONICAL-CURRENT,AI-SWARM-OPERATING-SYSTEM,agent-operations,,,,,,NONE,2026-07-26T17:00:00+07:00,"Adoption for this repository (replacing repo-root CLAUDE.md / handoff templates) is a registered proposal, not applied silently — KLREC-2026-07-26-015.",2026-07-26-2
KLSRC-0124,docs/source/inbox/kitluy-backup-and-disaster-recovery-v1.0.0.md,docs/source/infrastructure/kitluy-backup-and-disaster-recovery-v1.0.0.md,kitluy-backup-and-disaster-recovery-v1.0.0.md,kitluy-backup-and-disaster-recovery-v1.0.0.md,KitLuy Backup and Disaster Recovery,1.0.0,,HET / KitLuy Suite Project Owner,Canonical operating target; not implementation evidence,fb7d4d519dd28dfd47a2ba28566e1f2f9370566f8ec1fd94929574163b571e64,10552,text/markdown,CURRENT-INFRASTRUCTURE-SPECIFICATION,CANONICAL-CURRENT,INFRASTRUCTURE-OPERATIONS-CONTRACT,infrastructure,,,,,,NONE,2026-07-26T17:00:00+07:00,,2026-07-26-2
KLSRC-0125,docs/source/inbox/kitluy-branching-commit-and-pull-request-policy-v1.0.0.md,docs/source/engineering/kitluy-branching-commit-and-pull-request-policy-v1.0.0.md,kitluy-branching-commit-and-pull-request-policy-v1.0.0.md,,"KitLuy Branching, Commit and Pull Request Policy",1.0.0,,,,b28686bd6ad4f38dfe756edf7da1942101627177b576af70138374d0fa70c8b9,4750,text/markdown,CANONICAL-SHARED-CONTRACT,CANONICAL-CURRENT,ENGINEERING-STANDARD,engineering,,,,,,NONE,2026-07-26T17:00:00+07:00,,2026-07-26-2
KLSRC-0126,docs/source/inbox/kitluy-ci-cd-pipeline-v1.0.0.md,docs/source/infrastructure/kitluy-ci-cd-pipeline-v1.0.0.md,kitluy-ci-cd-pipeline-v1.0.0.md,kitluy-ci-cd-pipeline-v1.0.0.md,KitLuy CI/CD Pipeline,1.0.0,,HET / KitLuy Suite Project Owner,Canonical operating target; not implementation evidence,4e4ce44f8b50086d6c0a74a268592c306b76ac2f69cf199857448495b8aba3d1,9944,text/markdown,CURRENT-INFRASTRUCTURE-SPECIFICATION,CANONICAL-CURRENT,INFRASTRUCTURE-OPERATIONS-CONTRACT,infrastructure,,,,,,NONE,2026-07-26T17:00:00+07:00,,2026-07-26-2
KLSRC-0127,docs/source/inbox/kitluy-code-review-checklist-v1.0.0.md,docs/source/engineering/kitluy-code-review-checklist-v1.0.0.md,kitluy-code-review-checklist-v1.0.0.md,,KitLuy Code Review Checklist,1.0.0,,,,4661e28d0043ae72002abe8313bb40c52c0503ed6283a47a7324f195449adc9e,5044,text/markdown,CANONICAL-SHARED-CONTRACT,CANONICAL-CURRENT,ENGINEERING-STANDARD,engineering,,,,,,NONE,2026-07-26T17:00:00+07:00,,2026-07-26-2
KLSRC-0128,docs/source/inbox/kitluy-coding-standards-typescript-react-v1.0.0.md,docs/source/engineering/kitluy-coding-standards-typescript-react-v1.0.0.md,kitluy-coding-standards-typescript-react-v1.0.0.md,,"KitLuy Coding Standards — TypeScript, React, React Native and Electron",1.0.0,,,,858953b56b0afa2e382d1edb99520e4b046e647b941e8ff38d6095779e04e2b8,7423,text/markdown,CANONICAL-SHARED-CONTRACT,CANONICAL-CURRENT,ENGINEERING-STANDARD,engineering,,,,,,NONE,2026-07-26T17:00:00+07:00,,2026-07-26-2
KLSRC-0129,docs/source/inbox/kitluy-contract-test-matrix-v1.0.0.md,docs/source/qa/kitluy-contract-test-matrix-v1.0.0.md,kitluy-contract-test-matrix-v1.0.0.md,kitluy-contract-test-matrix-v1.0.0.md,KitLuy Contract Test Matrix,1.0.0,,HET / KitLuy Suite Project Owner,Canonical testing and evidence specification; not execution evidence,c1220e9f8df9855fbddc55d73f942617ece708316ea53d127bf35431521d2112,7432,text/markdown,CANONICAL-SHARED-CONTRACT,CANONICAL-CURRENT,QA-TEST-CONTRACT,qa,,,,,,NONE,2026-07-26T17:00:00+07:00,,2026-07-26-2
KLSRC-0130,docs/source/inbox/kitluy-cross-product-e2e-matrix-phase1-v1.0.0.md,docs/source/qa/kitluy-cross-product-e2e-matrix-phase1-v1.0.0.md,kitluy-cross-product-e2e-matrix-phase1-v1.0.0.md,kitluy-cross-product-e2e-matrix-phase1-v1.0.0.md,KitLuy Cross-Product E2E Matrix - Phase 1,1.0.0,,HET / KitLuy Suite Project Owner,Canonical testing and evidence specification; not execution evidence,82053e618a37b5ca751a0761017e0a481c6ee90043360024187a92de8cca3b3c,7930,text/markdown,CANONICAL-SHARED-CONTRACT,CANONICAL-CURRENT,QA-TEST-CONTRACT,qa,,,,,,NONE,2026-07-26T17:00:00+07:00,,2026-07-26-2
KLSRC-0131,docs/source/inbox/kitluy-database-coding-standard-v1.0.0.md,docs/source/engineering/kitluy-database-coding-standard-v1.0.0.md,kitluy-database-coding-standard-v1.0.0.md,,KitLuy Database Coding Standard,1.0.0,,,,f2ec0e4e549b6c36f35ef3e59448007d69a510edc999b55d3219765b6c25097d,7579,text/markdown,CANONICAL-SHARED-CONTRACT,CANONICAL-CURRENT,ENGINEERING-STANDARD,engineering,,,,,,NONE,2026-07-26T17:00:00+07:00,,2026-07-26-2
KLSRC-0132,docs/source/inbox/kitluy-database-deployment-runbook-v1.0.0.md,docs/source/infrastructure/kitluy-database-deployment-runbook-v1.0.0.md,kitluy-database-deployment-runbook-v1.0.0.md,kitluy-database-deployment-runbook-v1.0.0.md,KitLuy Database Deployment Runbook,1.0.0,,HET / KitLuy Suite Project Owner,Canonical operating target; not implementation evidence,1fb34c5fa3de4430eaca670eddceec0c1a605faf6b9ba1b85cae252a73843023,10661,text/markdown,CURRENT-INFRASTRUCTURE-SPECIFICATION,CANONICAL-CURRENT,INFRASTRUCTURE-OPERATIONS-CONTRACT,infrastructure,,,,,,NONE,2026-07-26T17:00:00+07:00,,2026-07-26-2
KLSRC-0133,docs/source/inbox/kitluy-definition-of-done-v1.0.0.md,docs/source/engineering/kitluy-definition-of-done-v1.0.0.md,kitluy-definition-of-done-v1.0.0.md,,KitLuy Definition of Done,1.0.0,,,,f64c291b7e08f836215f5922d7a1aaa7c5f2d7b253bf7ad9f5641a9910208b40,4968,text/markdown,CANONICAL-SHARED-CONTRACT,CANONICAL-CURRENT,ENGINEERING-STANDARD,engineering,,,,,,NONE,2026-07-26T17:00:00+07:00,,2026-07-26-2
KLSRC-0134,docs/source/inbox/kitluy-dependency-and-supply-chain-policy-v1.0.0.md,docs/source/engineering/kitluy-dependency-and-supply-chain-policy-v1.0.0.md,kitluy-dependency-and-supply-chain-policy-v1.0.0.md,,KitLuy Dependency and Software Supply Chain Policy,1.0.0,,,,68948527a2bf85f6bb6fd9261e794e85f8336cc3118f7d9fbed8e41c73c28dc1,5120,text/markdown,CANONICAL-SHARED-CONTRACT,CANONICAL-CURRENT,ENGINEERING-STANDARD,engineering,,,,,,NONE,2026-07-26T17:00:00+07:00,,2026-07-26-2
KLSRC-0135,docs/source/inbox/kitluy-deployment-topology-phase1-v1.0.0.md,docs/source/infrastructure/kitluy-deployment-topology-phase1-v1.0.0.md,kitluy-deployment-topology-phase1-v1.0.0.md,kitluy-deployment-topology-phase1-v1.0.0.md,KitLuy Deployment Topology — Phase 1,1.0.0,,HET / KitLuy Suite Project Owner,Canonical operating target; not implementation evidence,62146466258c34f45cd722ab648001609cbddc6f47e80e68c4b7f4d262c81dd0,9975,text/markdown,CURRENT-INFRASTRUCTURE-SPECIFICATION,CANONICAL-CURRENT,INFRASTRUCTURE-OPERATIONS-CONTRACT,infrastructure,,,,,,NONE,2026-07-26T17:00:00+07:00,,2026-07-26-2
KLSRC-0136,docs/source/inbox/kitluy-domain-dns-and-tls-plan-v1.0.0.md,docs/source/infrastructure/kitluy-domain-dns-and-tls-plan-v1.0.0.md,kitluy-domain-dns-and-tls-plan-v1.0.0.md,kitluy-domain-dns-and-tls-plan-v1.0.0.md,"KitLuy Domain, DNS and TLS Plan",1.0.0,,HET / KitLuy Suite Project Owner,Canonical operating target; not implementation evidence,943df7546123969faf822c96266fab0ffdf508d2d47ad0b5588cae35d5e1bf51,9642,text/markdown,CURRENT-INFRASTRUCTURE-SPECIFICATION,CANONICAL-CURRENT,INFRASTRUCTURE-OPERATIONS-CONTRACT,infrastructure,,,,,,NONE,2026-07-26T17:00:00+07:00,,2026-07-26-2
KLSRC-0137,docs/source/inbox/kitluy-environment-matrix-v1.0.0.md,docs/source/infrastructure/kitluy-environment-matrix-v1.0.0.md,kitluy-environment-matrix-v1.0.0.md,kitluy-environment-matrix-v1.0.0.md,KitLuy Environment Matrix,1.0.0,,HET / KitLuy Suite Project Owner,Canonical operating target; not implementation evidence,ac3d8760cafc0a59907fd6abe0a8b8103c584d3a2c6830defb28b3038bd86518,10189,text/markdown,CURRENT-INFRASTRUCTURE-SPECIFICATION,CANONICAL-CURRENT,INFRASTRUCTURE-OPERATIONS-CONTRACT,infrastructure,,,,,,NONE,2026-07-26T17:00:00+07:00,,2026-07-26-2
KLSRC-0138,docs/source/inbox/kitluy-error-handling-and-logging-standard-v1.0.0.md,docs/source/engineering/kitluy-error-handling-and-logging-standard-v1.0.0.md,kitluy-error-handling-and-logging-standard-v1.0.0.md,,KitLuy Error Handling and Logging Standard,1.0.0,,,,4ece90d3861e405557ae12042c6c283c4d18bc330c92a0c3c3a2329315947a6b,5576,text/markdown,CANONICAL-SHARED-CONTRACT,CANONICAL-CURRENT,ENGINEERING-STANDARD,engineering,,,,,,NONE,2026-07-26T17:00:00+07:00,,2026-07-26-2
KLSRC-0139,docs/source/inbox/kitluy-hardware-certification-test-plan-v1.0.0.md,docs/source/qa/kitluy-hardware-certification-test-plan-v1.0.0.md,kitluy-hardware-certification-test-plan-v1.0.0.md,kitluy-hardware-certification-test-plan-v1.0.0.md,KitLuy Hardware Certification Test Plan,1.0.0,,HET / KitLuy Suite Project Owner,Canonical testing and evidence specification; not execution evidence,2251998a817bac17046c14314921d173597731891cbfd5c51c90f3f4a6efbc7e,5353,text/markdown,CANONICAL-SHARED-CONTRACT,CANONICAL-CURRENT,QA-TEST-CONTRACT,qa,,,,,,NONE,2026-07-26T17:00:00+07:00,,2026-07-26-2
KLSRC-0140,docs/source/inbox/kitluy-incident-response-runbook-v1.0.0.md,docs/source/infrastructure/kitluy-incident-response-runbook-v1.0.0.md,kitluy-incident-response-runbook-v1.0.0.md,kitluy-incident-response-runbook-v1.0.0.md,KitLuy Incident Response Runbook,1.0.0,,HET / KitLuy Suite Project Owner,Canonical operating target; not implementation evidence,d0240a173bfb40e62c02c0749a475240eeb444df88f9dea7d9a81e1b04163d9c,10597,text/markdown,CURRENT-INFRASTRUCTURE-SPECIFICATION,CANONICAL-CURRENT,INFRASTRUCTURE-OPERATIONS-CONTRACT,infrastructure,,,,,,NONE,2026-07-26T17:00:00+07:00,,2026-07-26-2
KLSRC-0141,docs/source/inbox/kitluy-infrastructure-as-code-plan-v1.0.0.md,docs/source/infrastructure/kitluy-infrastructure-as-code-plan-v1.0.0.md,kitluy-infrastructure-as-code-plan-v1.0.0.md,kitluy-infrastructure-as-code-plan-v1.0.0.md,KitLuy Infrastructure-as-Code Plan,1.0.0,,HET / KitLuy Suite Project Owner,Canonical operating target; not implementation evidence,f2946557c641908a70e847f072db9ea4178aa30c029d872a0ff0405483580e06,10278,text/markdown,CURRENT-INFRASTRUCTURE-SPECIFICATION,CANONICAL-CURRENT,INFRASTRUCTURE-OPERATIONS-CONTRACT,infrastructure,,,,,,NONE,2026-07-26T17:00:00+07:00,,2026-07-26-2
KLSRC-0142,docs/source/inbox/kitluy-monorepo-blueprint-v1.0.0.md,docs/source/engineering/kitluy-monorepo-blueprint-v1.0.0.md,kitluy-monorepo-blueprint-v1.0.0.md,,KitLuy Monorepo Blueprint,1.0.0,,,,519287a2d8fa841b0769499a88a1cdab92767779be582c6a1f0a195d93c1e21d,12454,text/markdown,CANONICAL-SHARED-CONTRACT,CANONICAL-CURRENT,ENGINEERING-STANDARD,engineering,,,,,,NONE,2026-07-26T17:00:00+07:00,,2026-07-26-2
KLSRC-0143,docs/source/inbox/kitluy-observability-and-alert-registry-v1.0.0.md,docs/source/infrastructure/kitluy-observability-and-alert-registry-v1.0.0.md,kitluy-observability-and-alert-registry-v1.0.0.md,kitluy-observability-and-alert-registry-v1.0.0.md,KitLuy Observability and Alert Registry,1.0.0,,HET / KitLuy Suite Project Owner,Canonical operating target; not implementation evidence,1bf8993314905852c22416134d537ed5aa174df61a0fa3a76b27ed6214ca34b2,10613,text/markdown,CURRENT-INFRASTRUCTURE-SPECIFICATION,CANONICAL-CURRENT,INFRASTRUCTURE-OPERATIONS-CONTRACT,infrastructure,,,,,,NONE,2026-07-26T17:00:00+07:00,,2026-07-26-2
KLSRC-0144,docs/source/inbox/kitluy-offline-and-reconnect-test-pack-v1.0.0.md,docs/source/qa/kitluy-offline-and-reconnect-test-pack-v1.0.0.md,kitluy-offline-and-reconnect-test-pack-v1.0.0.md,kitluy-offline-and-reconnect-test-pack-v1.0.0.md,KitLuy Offline and Reconnect Test Pack,1.0.0,,HET / KitLuy Suite Project Owner,Canonical testing and evidence specification; not execution evidence,83b3daeb1b08b440911c83057689dece48e76a115d70cfb54fc7931111931740,6445,text/markdown,CANONICAL-SHARED-CONTRACT,CANONICAL-CURRENT,QA-TEST-CONTRACT,qa,,,,,,NONE,2026-07-26T17:00:00+07:00,,2026-07-26-2
KLSRC-0145,docs/source/inbox/kitluy-package-boundary-and-dependency-rules-v1.0.0.md,docs/source/engineering/kitluy-package-boundary-and-dependency-rules-v1.0.0.md,kitluy-package-boundary-and-dependency-rules-v1.0.0.md,,KitLuy Package Boundary and Dependency Rules,1.0.0,,,,f0779ea7485e76be7c485b389a366eac7c63772f94ed97848e53903830b5b80e,7224,text/markdown,CANONICAL-SHARED-CONTRACT,CANONICAL-CURRENT,ENGINEERING-STANDARD,engineering,,,,,,NONE,2026-07-26T17:00:00+07:00,,2026-07-26-2
KLSRC-0146,docs/source/inbox/kitluy-payment-and-reconciliation-test-vectors-v1.0.0.json,docs/source/qa/kitluy-payment-and-reconciliation-test-vectors-v1.0.0.json,kitluy-payment-and-reconciliation-test-vectors-v1.0.0.json,,,1.0.0,,,,59b2e6a0c211ef4ce05ed1804f32cf2d154e577f57da976bd0d8d37c92ff72f3,15913,application/json,CANONICAL-SHARED-CONTRACT,CANONICAL-CURRENT,TEST-VECTORS (payments/reconciliation),qa,,,,,,NONE,2026-07-26T17:00:00+07:00,,2026-07-26-2
KLSRC-0147,docs/source/inbox/kitluy-performance-and-capacity-test-plan-v1.0.0.md,docs/source/qa/kitluy-performance-and-capacity-test-plan-v1.0.0.md,kitluy-performance-and-capacity-test-plan-v1.0.0.md,kitluy-performance-and-capacity-test-plan-v1.0.0.md,KitLuy Performance and Capacity Test Plan,1.0.0,,HET / KitLuy Suite Project Owner,Canonical testing and evidence specification; not execution evidence,f8188d61232b4b293fad69543a53c21ae3c8d871b125379560c62a91a4e88dc9,5957,text/markdown,CANONICAL-SHARED-CONTRACT,CANONICAL-CURRENT,QA-TEST-CONTRACT,qa,,,,,,NONE,2026-07-26T17:00:00+07:00,,2026-07-26-2
KLSRC-0148,docs/source/inbox/kitluy-phase1-go-live-checklist-v1.0.0.md,docs/source/infrastructure/kitluy-phase1-go-live-checklist-v1.0.0.md,kitluy-phase1-go-live-checklist-v1.0.0.md,kitluy-phase1-go-live-checklist-v1.0.0.md,KitLuy Phase 1 Go-Live Checklist,1.0.0,,HET / KitLuy Suite Project Owner,Canonical operating target; not implementation evidence,4fda02982b54ebecc62c3e119586b106e17d8a3b8aa83b943a160a7236fd6085,15293,text/markdown,CURRENT-INFRASTRUCTURE-SPECIFICATION,CANONICAL-CURRENT,INFRASTRUCTURE-OPERATIONS-CONTRACT,infrastructure,,,,,,NONE,2026-07-26T17:00:00+07:00,,2026-07-26-2
KLSRC-0149,docs/source/inbox/kitluy-phase1-master-test-plan-v1.0.0.md,docs/source/qa/kitluy-phase1-master-test-plan-v1.0.0.md,kitluy-phase1-master-test-plan-v1.0.0.md,kitluy-phase1-master-test-plan-v1.0.0.md,KitLuy Phase 1 Master Test Plan,1.0.0,,HET / KitLuy Suite Project Owner,Canonical testing and evidence specification; not execution evidence,005d987a628523e508ac403b399086e3e54917ffc8ec319057868c7fac2188b3,15508,text/markdown,CANONICAL-SHARED-CONTRACT,CANONICAL-CURRENT,QA-TEST-CONTRACT,qa,,,,,,NONE,2026-07-26T17:00:00+07:00,,2026-07-26-2
KLSRC-0150,docs/source/inbox/kitluy-phase1-pilot-runbook-v1.0.0.md,docs/source/infrastructure/kitluy-phase1-pilot-runbook-v1.0.0.md,kitluy-phase1-pilot-runbook-v1.0.0.md,kitluy-phase1-pilot-runbook-v1.0.0.md,KitLuy Phase 1 Pilot Runbook,1.0.0,,HET / KitLuy Suite Project Owner,Canonical operating target; not implementation evidence,0ec508df309f8553628734de2249492eb9ff17ebbc87c9f75fee184f0c968ed7,10893,text/markdown,CURRENT-INFRASTRUCTURE-SPECIFICATION,CANONICAL-CURRENT,INFRASTRUCTURE-OPERATIONS-CONTRACT,infrastructure,,,,,,NONE,2026-07-26T17:00:00+07:00,,2026-07-26-2
KLSRC-0151,docs/source/inbox/kitluy-pilot-evidence-template-v1.0.0.md,docs/source/qa/kitluy-pilot-evidence-template-v1.0.0.md,kitluy-pilot-evidence-template-v1.0.0.md,kitluy-pilot-evidence-template-v1.0.0.md,KitLuy Pilot Evidence Template,1.0.0,,HET / KitLuy Suite Project Owner,Fillable evidence template; blank until a controlled pilot is executed,a5fcec9a180d4820c80498760eac66a0789ce112a1cc97e26f59597bc42f539b,5636,text/markdown,CANONICAL-SHARED-CONTRACT,CANONICAL-CURRENT,QA-TEST-CONTRACT,qa,,,,,,NONE,2026-07-26T17:00:00+07:00,,2026-07-26-2
KLSRC-0152,docs/source/inbox/kitluy-rebuild-test-checklist-v1.0.0.md,docs/source/qa/kitluy-rebuild-test-checklist-v1.0.0.md,kitluy-rebuild-test-checklist-v1.0.0.md,kitluy-rebuild-test-checklist-v1.0.0.md,KitLuy Rebuild Test Checklist,1.0.0,,HET / KitLuy Suite Project Owner,Canonical G5 checklist; not a completed Rebuild Test,9444b18595ff20aa596cfd6b9ca177437e0ea31b6845963bd6205760c60cb2d5,6639,text/markdown,CANONICAL-SHARED-CONTRACT,CANONICAL-CURRENT,QA-TEST-CONTRACT,qa,,,,,,NONE,2026-07-26T17:00:00+07:00,,2026-07-26-2
KLSRC-0153,docs/source/inbox/kitluy-release-channel-and-promotion-policy-v1.0.0.md,docs/source/infrastructure/kitluy-release-channel-and-promotion-policy-v1.0.0.md,kitluy-release-channel-and-promotion-policy-v1.0.0.md,kitluy-release-channel-and-promotion-policy-v1.0.0.md,KitLuy Release Channel and Promotion Policy,1.0.0,,HET / KitLuy Suite Project Owner,Canonical operating target; not implementation evidence,9369a37b49b70091d818d4cbd8391e2ae673b6964f2bfa41cd1e61e2882f2e95,8987,text/markdown,CURRENT-INFRASTRUCTURE-SPECIFICATION,CANONICAL-CURRENT,INFRASTRUCTURE-OPERATIONS-CONTRACT,infrastructure,,,,,,NONE,2026-07-26T17:00:00+07:00,,2026-07-26-2
KLSRC-0154,docs/source/inbox/kitluy-rls-and-tenant-isolation-test-pack-v1.0.0.md,docs/source/qa/kitluy-rls-and-tenant-isolation-test-pack-v1.0.0.md,kitluy-rls-and-tenant-isolation-test-pack-v1.0.0.md,kitluy-rls-and-tenant-isolation-test-pack-v1.0.0.md,KitLuy RLS and Tenant Isolation Test Pack,1.0.0,,HET / KitLuy Suite Project Owner,Canonical testing and evidence specification; not execution evidence,00dd30199261397628632a6ee7cd3b33b7d644bdef6ddaf4aba91fb6287358b6,5590,text/markdown,CANONICAL-SHARED-CONTRACT,CANONICAL-CURRENT,QA-TEST-CONTRACT,qa,,,,,,NONE,2026-07-26T17:00:00+07:00,,2026-07-26-2
KLSRC-0155,docs/source/inbox/kitluy-rollback-and-emergency-change-runbook-v1.0.0.md,docs/source/infrastructure/kitluy-rollback-and-emergency-change-runbook-v1.0.0.md,kitluy-rollback-and-emergency-change-runbook-v1.0.0.md,kitluy-rollback-and-emergency-change-runbook-v1.0.0.md,KitLuy Rollback and Emergency Change Runbook,1.0.0,,HET / KitLuy Suite Project Owner,Canonical operating target; not implementation evidence,e568e0de66b2560e86c71a69533d7b395ff73fd203fc884426b02b59659cf934,9405,text/markdown,CURRENT-INFRASTRUCTURE-SPECIFICATION,CANONICAL-CURRENT,INFRASTRUCTURE-OPERATIONS-CONTRACT,infrastructure,,,,,,NONE,2026-07-26T17:00:00+07:00,,2026-07-26-2
KLSRC-0156,docs/source/inbox/kitluy-secrets-inventory-v1.0.0.md,docs/source/infrastructure/kitluy-secrets-inventory-v1.0.0.md,kitluy-secrets-inventory-v1.0.0.md,kitluy-secrets-inventory-v1.0.0.md,KitLuy Secrets Inventory — References Only,1.0.0,,HET / KitLuy Suite Project Owner,Canonical operating target; not implementation evidence,9eb8fbe30a2b19325e2c9770227c4e75e60b2dddd67129af2071455038378713,12418,text/markdown,CURRENT-INFRASTRUCTURE-SPECIFICATION,CANONICAL-CURRENT,INFRASTRUCTURE-OPERATIONS-CONTRACT,infrastructure,,,,,,NONE,2026-07-26T17:00:00+07:00,,2026-07-26-2
KLSRC-0157,docs/source/inbox/kitluy-security-test-plan-v1.0.0.md,docs/source/qa/kitluy-security-test-plan-v1.0.0.md,kitluy-security-test-plan-v1.0.0.md,kitluy-security-test-plan-v1.0.0.md,KitLuy Security Test Plan,1.0.0,,HET / KitLuy Suite Project Owner,Canonical testing and evidence specification; not execution evidence,92a4dcaffbc933befc896981dfb23f8908492e8717023069ec93beb3f9cd6cbf,6232,text/markdown,CANONICAL-SHARED-CONTRACT,CANONICAL-CURRENT,QA-TEST-CONTRACT,qa,,,,,,NONE,2026-07-26T17:00:00+07:00,,2026-07-26-2
KLSRC-0158,docs/source/inbox/kitluy-test-case-registry-phase1-v1.0.0.csv,docs/source/qa/kitluy-test-case-registry-phase1-v1.0.0.csv,kitluy-test-case-registry-phase1-v1.0.0.csv,,,1.0.0,,,,d5910ab930feb7425c33a7fa242d7e6d2fd3cd1a8052eaddaa560bcbca0ba190,505590,text/csv,CANONICAL-SHARED-CONTRACT,CANONICAL-CURRENT,"TEST-CASE-REGISTRY (525 cases, SPECIFIED_NOT_EXECUTED)",qa,laundry,,,,,NONE,2026-07-26T17:00:00+07:00,,2026-07-26-2
KLSRC-0159,docs/source/inbox/kitluy-testing-standard-v1.0.0.md,docs/source/engineering/kitluy-testing-standard-v1.0.0.md,kitluy-testing-standard-v1.0.0.md,,KitLuy Testing Standard,1.0.0,,,,7838524590c83e56f3f5fd41a3837975b609f588b0920efa3e09b9f939bf810c,5567,text/markdown,CANONICAL-SHARED-CONTRACT,CANONICAL-CURRENT,ENGINEERING-STANDARD,engineering,,,,,,NONE,2026-07-26T17:00:00+07:00,,2026-07-26-2
KLSRC-0160,docs/source/inbox/pack-manifest.json,docs/source/engineering/pack-manifest.json,pack-manifest.json,,,,,,,ae0d9842e5869f662906e350eac49917bb39f98e57937350e031e4f03f2309ca,1131,application/json,OWNER-INSTRUCTION,CANONICAL-CURRENT,PACK-INDEX (Engineering Standards Pack; selected toolchain versions),engineering,,,,,,NONE,2026-07-26T17:00:00+07:00,"selected_versions conflict with repo toolchain pins (ADR-0001/0002) — KLREC-2026-07-26-014; upgrade is a registered engineering task, not applied during ingestion.",2026-07-26-2
KLSRC-0161,docs/source/inbox/kitluy-phase1-laundry-master-build-plan-v1.0.0.md,docs/source/owner-instructions/kitluy-phase1-laundry-master-build-plan-v1.0.0.md,kitluy-phase1-laundry-master-build-plan-v1.0.0.md,kitluy-phase1-laundry-master-build-plan-v1.0.0.md,KitLuy Phase 1 Laundry — Master Build Plan,1.0.0,,HET / KitLuy Suite Project Owner,Master execution plan; direct swarm input; not implementation evidence,268a30a0dc647780e7105dd59b9604b5fdafa8e0e69947b4d2e239600d55dacc,101819,text/markdown,OWNER-INSTRUCTION,CANONICAL-CURRENT,PHASE1-MASTER-BUILD-PLAN (WS-00..WS-26 execution program),execution,laundry,,,,,NONE,2026-07-26T17:30:00+07:00,,2026-07-26-3
